{"(0, 0, 0, 0, 0, 0)":[-3.373336194131462,-0.8644265869664033],"(0, 0, 0, 0, 0, 1)":[-1.455090361479328,-4.565370393989961],"(0, 0, 0, 0, 1, 1)":[-1.8915774290995933,-4.267139306228161],"(0, 0, 0, 0, 1, 0)":[-3.280760782339381,-0.570738243355482],"(0, 1, 0, 0, 0, 1)":[-1.0375283601436915,1.6171975809090424],"(0, 2, 0, 0, 1, 0)":[-1.1938137099519786,5.622511503518507],"(0, 2, 0, 0, 0, 1)":[-0.0852021752651545,4.44421657955],"(0, 3, 0, 0, 1, 1)":[-0.7719846158886399,4.527904227279915],"(0, 4, 0, 0, 1, 1)":[-1.1205509099229187,3.3050081116866825],"(0, 7, 0, 0, 1, 0)":[-0.537408,0.11780350216792218],"(0, 6, 0, 0, 1, 1)":[-0.11447999999999997,-0.10799999999999998],"(0, 7, 0, 0, 0, 1)":[-0.36,0.9584242930424958],"(0, 8, 0, 0, 0, 0)":[-0.29111040000000005,0.142704],"(0, 8, 0, 0, 1, 1)":[-0.32399999999999995,0],"(0, 8, 0, 0, 1, 0)":[0.072,0],"(0, 9, 0, 0, 1, 0)":[-0.288,0.07277759999999998],"(0, 6, 0, 0, 0, 1)":[0,0.8524458074541899],"(0, 5, 0, 0, 1, 0)":[0,0.5590739923677364],"(0, 4, 0, 0, 0, 0)":[-0.7000120505868225,3.9095109688934],"(0, 3, 0, 0, 0, 0)":[-0.6479660304828451,4.022024246744876],"(0, 3, 0, 0, 0, 1)":[-0.1689811072502717,3.222831639881319],"(0, 1, 0, 0, 1, 0)":[-1.484020047091391,2.3964798850398075],"(0, 2, 1, 0, 0, 1)":[7.8126165976543085,-0.18],"(0, 1, 1, 0, 0, 0)":[4.57853881878863,-0.04307870584296121],"(0, 2, 1, 0, 0, 0)":[3.7516335731418256,-0.512772840160457],"(0, 1, 0, 0, 0, 0)":[-1.6456584910259326,3.166710145117379],"(0, 1, 0, 0, 1, 1)":[-1.3650704490656334,2.393351095820217],"(0, 2, 0, 0, 1, 1)":[-0.6695956397862954,2.8897447082111314],"(0, 3, 0, 0, 1, 0)":[-0.49862724085514476,4.293409610662748],"(0, 4, 0, 0, 1, 0)":[-0.21651482310752526,4.275084329054564],"(0, 4, 0, 0, 0, 1)":[-0.8866858128062919,5.585828268224821],"(0, 5, 0, 0, 0, 1)":[-0.46799999999999997,1.7043796032288698],"(0, 6, 0, 0, 0, 0)":[0,2.1937205437958567],"(0, 5, 0, 0, 0, 0)":[-0.4361461364955585,1.9620591559855423],"(0, 2, 0, 0, 0, 0)":[-0.8352337946269391,4.666503326784155],"(0, 1, 1, 0, 1, 0)":[4.920238762025775,0.2181348524007346],"(0, 0, 1, 0, 0, 0)":[3.4505629911505413,-0.14484338882638403],"(0, 0, 1, 0, 0, 1)":[6.758019868536196,-0.28193023860057376],"(0, 2, 1, 0, 1, 1)":[5.674892728096641,-0.4553406502133539],"(0, 1, 1, 0, 0, 1)":[5.75335325558255,0],"(0, 1, 1, 0, 1, 1)":[5.252237496339721,-0.15049100098285548],"(0, 0, 1, 0, 1, 0)":[3.648122020807601,-0.6256364985370737],"(1, 1, 0, 0, 1, 0)":[2.941589720699599,0],"(0, 4, 1, 0, 1, 1)":[1.3051349216659647,0],"(0, 0, 2, 0, 0, 0)":[3.5930664804135777,0],"(1, 0, 0, 0, 0, 1)":[5.903732553537628,0.036],"(1, 0, 0, 0, 0, 0)":[2.7237584234099117,-0.7096319999999999],"(0, 0, 1, 0, 1, 1)":[7.134466947582837,0],"(0, 0, 0, 1, 0, 0)":[-0.05202557494334792,8.803639118877614],"(0, 0, 0, 1, 1, 0)":[-0.1075969148012323,6.3655220992213],"(1, 2, 0, 0, 0, 1)":[4.643668604371324,0],"(0, 2, 1, 0, 1, 0)":[-0.2850426167329152,4.6336565491229145],"(0, 1, 0, 1, 0, 0)":[-0.030552134090700733,9.439593679620506],"(1, 3, 0, 0, 1, 1)":[1.606622548483022,0],"(0, 3, 1, 0, 1, 1)":[-0.02399128277397433,4.2347042176898215],"(0, 3, 1, 0, 1, 0)":[2.2769368836256185,0],"(0, 0, 2, 0, 0, 1)":[9.185259998622548,0],"(0, 1, 2, 0, 0, 0)":[2.7693516290039732,0],"(1, 0, 0, 0, 1, 0)":[3.4786802725243504,0],"(0, 0, 0, 1, 0, 1)":[-0.144,5.046935984207118],"(1, 2, 0, 0, 1, 0)":[1.6570370751512289,0],"(0, 3, 1, 0, 0, 1)":[4.341277426775591,0],"(0, 4, 1, 0, 0, 0)":[-0.10799999999999998,4.118419724342172],"(1, 1, 0, 0, 0, 0)":[6.242645679923488,0],"(1, 0, 0, 0, 1, 1)":[6.594297023749343,0],"(0, 1, 2, 0, 0, 1)":[5.279954117273854,0],"(0, 3, 1, 0, 0, 0)":[2.301023048301902,0],"(0, 1, 2, 0, 1, 0)":[1.6851358127088467,0],"(0, 1, 0, 1, 0, 1)":[-0.072,7.172561893473485],"(1, 2, 0, 0, 1, 1)":[4.409488339389062,0],"(0, 2, 0, 1, 0, 0)":[-0.072,9.454166705066859],"(0, 2, 0, 1, 1, 1)":[-0.36,5.302736434914341],"(1, 1, 0, 0, 0, 1)":[6.075416124435646,-0.34375575957524207],"(0, 2, 0, 1, 0, 1)":[-0.36,6.9948238034423635],"(1, 1, 1, 0, 0, 1)":[3.7288524939131182,0],"(0, 3, 0, 1, 0, 1)":[-0.10799999999999998,0.7477693579948367],"(0, 4, 0, 1, 0, 0)":[-0.21599999999999997,1.3223631973810541],"(0, 4, 0, 1, 1, 0)":[-0.576,1.667532050780787],"(1, 2, 0, 0, 0, 0)":[1.902749626023662,0],"(0, 3, 0, 1, 1, 1)":[-0.576,2.126997087115402],"(0, 4, 0, 1, 1, 1)":[-0.1815831193107686,0],"(0, 5, 0, 1, 0, 0)":[0.0,0],"(0, 6, 0, 2, 0, 0)":[-0.46799999999999997,0],"(0, 6, 0, 2, 1, 0)":[-0.21599999999999997,0],"(0, 7, 0, 2, 1, 0)":[-0.43199999999999994,0],"(0, 7, 0, 2, 1, 1)":[-0.036,0.39314866563072],"(0, 7, 0, 0, 1, 1)":[-0.21599999999999997,0.11349100108278985],"(0, 0, 0, 1, 1, 1)":[-0.10799999999999998,4.028126447919465],"(0, 2, 0, 1, 1, 0)":[-0.14285957225996943,6.958007042383032],"(0, 1, 0, 1, 1, 1)":[-0.036,4.4172309518599375],"(0, 3, 2, 0, 0, 0)":[0.0029204379869165187,-0.3511405582918411],"(0, 3, 0, 1, 0, 0)":[-0.06911478612390247,4.125643936836441],"(0, 4, 1, 0, 0, 1)":[1.8897452120885392,0],"(1, 1, 0, 0, 1, 1)":[-0.4520853218299315,1.0042237439119792],"(0, 2, 2, 0, 0, 0)":[-0.17838899523324753,-0.4686285334586163],"(0, 0, 2, 0, 1, 0)":[4.1746252483617265,0],"(1, 0, 2, 0, 0, 0)":[0.4539325576584496,0],"(1, 0, 1, 0, 0, 1)":[6.174321735359022,0],"(0, 1, 2, 0, 1, 1)":[5.149331773951905,0],"(0, 1, 0, 1, 1, 0)":[-0.3920847378051449,7.897430762761846],"(2, 0, 0, 0, 1, 1)":[2.635572964467626,0],"(0, 2, 2, 0, 1, 0)":[0.9592577585775377,0],"(0, 2, 1, 1, 0, 1)":[0.6018360314970496,0],"(1, 4, 0, 0, 1, 0)":[-0.15472545481394595,0],"(2, 1, 0, 0, 0, 0)":[0.5999945226505556,0],"(0, 4, 1, 0, 1, 0)":[2.205940620830125,0],"(0, 2, 2, 0, 0, 1)":[3.6536715400534057,0],"(1, 3, 0, 0, 0, 0)":[0.653969989447807,0],"(0, 0, 2, 0, 1, 1)":[7.51493217197498,0],"(2, 0, 0, 0, 0, 1)":[0.7108898118742984,0],"(2, 2, 0, 0, 1, 0)":[0.45016250983944417,0],"(1, 0, 2, 0, 0, 1)":[1.1419666237639419,0],"(0, 3, 0, 1, 1, 0)":[-0.39599999999999996,2.221577439078987],"(2, 0, 0, 0, 0, 0)":[0.4908399380127867,-0.3333060751040771],"(1, 0, 1, 0, 0, 0)":[0.9185114461907999,0],"(0, 6, 0, 0, 1, 0)":[-0.1765711284619158,0.23317146294340396],"(1, 7, 0, 0, 1, 1)":[0.46877759999999996,0],"(0, 5, 0, 0, 1, 1)":[-0.7129929623113276,0.7718644659947578],"(0, 4, 2, 0, 1, 1)":[0.6073210755580452,0],"(1, 3, 0, 0, 1, 0)":[0.3447676758303922,0],"(2, 2, 0, 0, 0, 1)":[0.5987041674050672,0],"(0, 2, 2, 0, 1, 1)":[2.5655873600953623,0],"(1, 1, 1, 0, 1, 1)":[1.1294152653563871,0],"(1, 4, 0, 0, 0, 1)":[0.8683678867373169,0],"(2, 0, 0, 0, 1, 0)":[0.6715660096675665,0],"(1, 4, 0, 0, 0, 0)":[-0.25848628173473537,0.9322970175783356],"(1, 3, 0, 0, 0, 1)":[0.6706626145432155,0],"(0, 1, 3, 0, 0, 1)":[0.13498785198829394,0],"(1, 0, 1, 0, 1, 1)":[5.012730763812753,0],"(0, 3, 2, 0, 0, 1)":[1.636745842397967,0],"(1, 0, 2, 0, 1, 1)":[1.1165934656902268,0],"(1, 0, 1, 0, 1, 0)":[1.8252151314774643,0],"(0, 4, 2, 0, 1, 0)":[0.46701964029696824,0],"(2, 2, 0, 0, 0, 0)":[-0.15341205040551414,0.14698588038411428],"(0, 3, 2, 0, 1, 0)":[0.03062397642800957,-0.08102633073925543],"(1, 1, 1, 0, 0, 0)":[0.7883381642216256,0],"(2, 1, 0, 0, 1, 1)":[0.7860138850484982,0],"(0, 5, 1, 0, 0, 1)":[0.08610156791240442,0],"(0, 4, 2, 0, 0, 0)":[0.11341705257361478,0],"(2, 1, 0, 0, 0, 1)":[0.3218575232616391,0],"(1, 4, 1, 0, 0, 1)":[0.036,0],"(0, 8, 0, 0, 0, 1)":[-0.36,0.0352224],"(0, 5, 1, 0, 0, 0)":[0.18671416082257136,0],"(1, 4, 0, 0, 1, 1)":[0.3166140748108428,0],"(2, 1, 0, 0, 1, 0)":[0.14990059501473252,0],"(2, 2, 0, 0, 1, 1)":[0.31807655203873253,0]}