{"(0, 0, 0, 0, 0, 0)":[-3.4587174073727187,-1.2531706342365825],"(0, 0, 0, 0, 1, 1)":[-0.16369510988029554,-4.3350089357369],"(0, 0, 0, 0, 0, 1)":[-1.4549736001493343,-3.901667391346629],"(0, 0, 0, 0, 1, 0)":[-4.044897071923084,-0.5128745073346346],"(0, 0, 1, 0, 1, 0)":[1.3538273010938018,-1.5086852066624528],"(0, 0, 1, 0, 0, 1)":[2.8250342523968666,-1.0254688091942257],"(0, 0, 2, 0, 0, 1)":[5.243440446545848,-1.4818048384668514],"(0, 0, 2, 0, 1, 0)":[3.0691909151324195,-0.0821951356406389],"(0, 0, 2, 0, 1, 1)":[4.4011288271539994,-0.9587177673954583],"(0, 0, 1, 0, 0, 0)":[2.0447885207635923,-1.2941170034295049],"(0, 0, 3, 0, 1, 0)":[3.4544267434483853,-0.5727542251923968],"(0, 0, 4, 0, 0, 0)":[3.37694082690012,-0.27019752695354177],"(0, 0, 3, 0, 0, 0)":[2.337866581706926,-0.9415031073629158],"(0, 0, 1, 0, 1, 1)":[3.633905257994812,-0.9395630779886919],"(0, 0, 2, 0, 0, 0)":[1.1544393898415606,-0.6124429217795834],"(0, 0, 0, 1, 1, 1)":[-0.2608990300458329,6.289700331841332],"(0, 0, 0, 1, 0, 0)":[-0.46799999999999997,8.240245128951667],"(0, 0, 4, 0, 1, 1)":[2.7128538105814086,-0.21599999999999997],"(0, 0, 3, 0, 0, 1)":[4.949722040004552,-0.49925376],"(0, 0, 3, 0, 1, 1)":[3.540904870899282,-1.4511332217715185],"(0, 0, 4, 0, 0, 1)":[4.21447398040015,-1.0512158944867176],"(0, 0, 4, 0, 1, 0)":[4.227090083351211,-0.007498675077119987],"(0, 0, 8, 0, 0, 1)":[0.8077397659339791,-0.0958176],"(0, 0, 8, 0, 1, 0)":[0.036,-0.225072],"(0, 0, 7, 0, 1, 1)":[0.36173995049915975,-0.010108799999999973],"(0, 0, 9, 0, 0, 1)":[-0.072,0],"(0, 0, 7, 0, 0, 0)":[-0.10799999999999998,0],"(0, 0, 5, 0, 1, 1)":[1.8363016562697758,0],"(0, 0, 2, 1, 0, 0)":[2.6899261664753835,0],"(0, 0, 1, 2, 0, 1)":[-0.36883871999999995,3.4439057331466825],"(0, 0, 0, 2, 1, 1)":[-0.32399999999999995,7.815898459617042],"(0, 0, 0, 2, 0, 1)":[-0.0964274867747135,4.453335641259926],"(0, 0, 0, 1, 0, 1)":[-0.288,7.149689535754993],"(0, 0, 1, 1, 0, 1)":[0,5.769512427764979],"(0, 0, 5, 0, 0, 0)":[0.8583072261042933,-0.2866117866863387],"(0, 0, 7, 0, 0, 1)":[-0.072,-0.36],"(0, 0, 6, 0, 1, 0)":[-0.09052178086062268,-0.39599999999999996],"(0, 0, 5, 0, 1, 0)":[0.05725156933123288,-0.27264790326746136],"(0, 0, 1, 1, 1, 0)":[-0.46799999999999997,7.902237594153064],"(0, 1, 0, 0, 1, 1)":[-0.14909569518682617,6.125881904149014],"(0, 1, 1, 0, 0, 1)":[-0.18939693680064262,6.147869090866864],"(0, 0, 0, 1, 1, 0)":[-0.5544745694314299,8.315826248699912],"(0, 1, 0, 0, 0, 1)":[-0.5283359999999999,7.589611614468259],"(0, 1, 0, 0, 1, 0)":[-0.041184,6.03847067686173],"(0, 2, 0, 0, 1, 1)":[-0.576,5.068027839604815],"(0, 2, 1, 0, 0, 1)":[-0.39599999999999996,1.8572174169610947],"(0, 2, 2, 1, 1, 1)":[-0.18,0],"(0, 2, 1, 1, 0, 0)":[0.35352,0],"(0, 2, 0, 1, 0, 0)":[-0.288,0],"(0, 2, 0, 1, 1, 1)":[-0.036,1.1233408259230397],"(0, 0, 1, 1, 1, 1)":[-0.288,4.412668786831503],"(0, 0, 3, 1, 1, 0)":[3.7301178411257117,-0.1625307295510856],"(0, 0, 4, 1, 0, 1)":[-0.072,1.4125270223955022],"(0, 1, 3, 1, 0, 1)":[-0.041184,0],"(0, 1, 0, 1, 1, 0)":[-0.02986752207803893,9.344007894374867],"(0, 0, 1, 1, 0, 0)":[-0.050029027095562284,8.024578732172314],"(0, 0, 0, 2, 1, 0)":[-0.10799999999999998,8.901440698193372],"(0, 1, 1, 0, 1, 1)":[-0.02611108067378603,4.013101613249831],"(0, 0, 2, 1, 1, 0)":[-0.576,4.715840363354907],"(0, 0, 3, 1, 1, 1)":[4.837800786745283,0],"(0, 1, 2, 0, 1, 1)":[-0.09326255899058067,4.831026212110713],"(0, 1, 2, 0, 0, 0)":[-0.09253493390510942,6.724622056989854],"(0, 1, 1, 0, 1, 0)":[-0.04978117505244095,6.666422173991216],"(0, 0, 3, 1, 0, 0)":[-0.031345903621167244,4.750230460497891],"(0, 0, 2, 1, 1, 1)":[-0.06253131482452137,3.176763197432683],"(0, 0, 3, 1, 0, 1)":[3.9269644046286656,0],"(1, 0, 0, 0, 1, 0)":[0.548113136287109,-0.36],"(0, 1, 1, 0, 0, 0)":[-0.1058628709555695,8.598373803509627],"(0, 0, 4, 1, 1, 0)":[-0.18,0.4274316708338851],"(0, 0, 4, 2, 1, 1)":[0.144,0],"(0, 0, 3, 3, 0, 0)":[-0.43199999999999994,0],"(0, 0, 1, 3, 0, 0)":[0.1796493730617734,0],"(0, 0, 0, 3, 1, 1)":[-0.21599999999999997,0.7133735639290796],"(0, 0, 0, 4, 1, 1)":[-0.46799999999999997,0.12536939858294094],"(0, 0, 0, 4, 0, 0)":[0.14140799999999998,0],"(0, 1, 2, 0, 0, 1)":[-0.252,5.036731720136086],"(0, 1, 0, 0, 0, 0)":[-0.4300835191621204,7.389040932482052],"(0, 1, 0, 1, 1, 1)":[-0.5399999999999999,6.559090230109603],"(0, 1, 2, 0, 1, 0)":[1.667697005684995,0],"(0, 0, 3, 2, 1, 1)":[0.3735255492350033,0],"(0, 0, 1, 2, 1, 0)":[-0.11279615099076257,5.4908827588924165],"(0, 1, 3, 0, 0, 0)":[2.9262589656771043,-0.3895433279377138],"(0, 0, 2, 1, 0, 1)":[-0.02184566965717935,3.8192258227266818],"(0, 1, 1, 1, 1, 1)":[-0.18,1.3931257901357827],"(0, 1, 1, 1, 0, 1)":[-0.252,3.383348936909603],"(0, 1, 1, 1, 0, 0)":[-0.00441801550219878,3.899508930575025],"(0, 1, 1, 1, 1, 0)":[-0.28383294854635494,3.8347707106565756],"(0, 1, 3, 0, 1, 0)":[1.26925813665702,0],"(1, 0, 0, 0, 0, 0)":[1.5538201134571892,-0.072],"(0, 2, 0, 0, 1, 0)":[-0.20541206378262994,5.210252477924602],"(0, 2, 2, 0, 0, 0)":[-0.13051631163053432,1.4826966938146542],"(0, 2, 0, 0, 0, 1)":[-0.4926786585785823,0.6554114436785476],"(0, 0, 2, 2, 0, 1)":[0.7705750287810703,0],"(0, 0, 1, 2, 1, 1)":[2.234942471105383,0],"(0, 0, 0, 3, 1, 0)":[-0.10799999999999998,1.0492269161707657],"(0, 0, 2, 3, 1, 1)":[-0.21599999999999997,0.7727099362782415],"(0, 0, 1, 3, 0, 1)":[-0.18,0.24997822656192437],"(0, 0, 2, 3, 0, 0)":[0.21211199999999997,0],"(0, 0, 1, 3, 1, 0)":[0.07203988362761052,0],"(1, 0, 2, 0, 1, 0)":[0.7827863990681065,-0.10322263549070845],"(1, 0, 0, 1, 0, 0)":[-0.08383825326619916,0],"(0, 2, 1, 0, 1, 0)":[-0.18,3.577324553037427],"(0, 2, 1, 0, 1, 1)":[-0.10769716732716063,3.6126840921257943],"(0, 2, 0, 0, 0, 0)":[-0.21599999999999997,3.585720324071838],"(0, 3, 0, 0, 0, 1)":[-0.10799999999999998,0.7955648787674073],"(0, 0, 4, 1, 1, 1)":[-0.13035649950408842,0.2507475629046117],"(0, 0, 0, 2, 0, 0)":[-0.0915771768521026,9.80118729578737],"(0, 0, 1, 2, 0, 0)":[-0.11049393382747139,4.135968061180341],"(0, 1, 0, 1, 0, 1)":[-0.39599999999999996,4.747776284122887],"(0, 2, 0, 2, 0, 1)":[-0.10799999999999998,0],"(0, 2, 0, 2, 1, 1)":[-0.144,0.13790827133536385],"(0, 0, 2, 2, 0, 0)":[-0.17644288493428778,2.5312204153927302],"(1, 0, 0, 0, 1, 1)":[5.768731946536328,0],"(0, 0, 3, 3, 0, 1)":[0.036,0],"(0, 0, 2, 2, 1, 0)":[-0.0956969064873602,1.9850929445475607],"(0, 1, 0, 1, 0, 0)":[-0.09273785270744739,3.2984644003705723],"(0, 1, 0, 2, 0, 0)":[-0.39599999999999996,2.577427543170409],"(0, 1, 1, 2, 1, 1)":[-0.10799999999999998,0.5957067688912538],"(0, 1, 0, 2, 1, 1)":[-0.18,1.142135799027503],"(0, 1, 0, 2, 1, 0)":[-0.39599999999999996,1.4582965689616223],"(0, 1, 2, 1, 1, 0)":[0.22575355171845493,0],"(1, 0, 1, 0, 1, 0)":[-0.09206929273134237,-0.1620883562209868],"(0, 2, 4, 0, 0, 0)":[-0.10799999999999998,0],"(0, 2, 3, 0, 0, 1)":[-0.18,0.38053613742446224],"(0, 2, 2, 0, 1, 1)":[0.28983078851073246,0],"(1, 0, 1, 0, 1, 1)":[6.2871883707527765,0],"(0, 1, 3, 0, 1, 1)":[-0.18409495456744152,2.0453464108794366],"(1, 0, 2, 0, 1, 1)":[4.108318318260955,0],"(1, 0, 1, 0, 0, 1)":[5.235762142895715,0],"(0, 1, 3, 0, 0, 1)":[1.3496099240949035,-0.17655527127122395],"(0, 2, 1, 0, 0, 0)":[1.19116589314644,0],"(0, 0, 4, 1, 0, 0)":[-0.2820264377530451,1.8433357419087744],"(0, 1, 4, 0, 1, 1)":[0.5872826454934996,0],"(0, 1, 4, 0, 1, 0)":[-0.10710548149152505,0.3178153533946358],"(0, 2, 2, 0, 0, 1)":[0.2267019693710664,0],"(0, 1, 2, 1, 0, 0)":[0.278863923988716,0],"(1, 0, 3, 0, 1, 1)":[1.6794880931439735,0],"(0, 0, 3, 2, 1, 0)":[0.18,0],"(0, 0, 2, 2, 1, 1)":[-0.1355342171440586,1.8514463108042691],"(0, 0, 1, 3, 1, 1)":[0.069408,0],"(0, 0, 2, 3, 0, 1)":[-0.21522239999999998,0],"(1, 0, 0, 0, 0, 1)":[4.260984567020079,0],"(0, 2, 2, 0, 1, 0)":[-0.02762351326330393,0.9347993442980677],"(0, 1, 2, 2, 1, 0)":[-0.06973797175144925,0],"(0, 0, 4, 2, 1, 0)":[-0.17903969778998663,0.20812208560682757],"(0, 1, 4, 0, 0, 1)":[0.217733889284419,0],"(1, 0, 1, 1, 1, 0)":[-0.17423625826269798,0.40192225005846594],"(0, 0, 0, 3, 0, 1)":[0.0725184,0],