{"(0, 0, 0, 0, 0, 0)":[-3.1111572324124066,-0.7319671118098624],"(0, 0, 0, 0, 1, 1)":[-1.8805508752607474,-4.410530544991442],"(1, 0, 0, 0, 0, 1)":[2.453972103154609,-0.811598928461742],"(0, 0, 0, 0, 1, 0)":[-3.682803828667121,-1.791023938891442],"(2, 0, 0, 0, 1, 0)":[1.728371230051823,-0.5806315276858445],"(3, 0, 0, 0, 0, 0)":[2.6396114285657637,-0.7610615493554123],"(4, 0, 0, 0, 1, 1)":[4.258981314392457,-1.3814081600337516],"(3, 0, 0, 0, 1, 1)":[3.9883326887177177,-1.5673048401350587],"(3, 0, 0, 0, 0, 1)":[5.261406464333431,-0.63779938657703],"(3, 0, 0, 0, 1, 0)":[5.006158306002968,-0.4460948905866575],"(2, 0, 0, 0, 0, 1)":[5.645046009806953,-0.3149315013663682],"(0, 0, 0, 0, 0, 1)":[-0.46949274809853514,-4.18621639386003],"(4, 0, 0, 0, 1, 0)":[3.517675190746245,-0.35164543292842865],"(1, 1, 0, 0, 1, 1)":[-0.41644799999999993,4.725597675990512],"(0, 1, 0, 0, 0, 0)":[-0.5100454842512094,7.2668676277893],"(4, 0, 0, 0, 0, 0)":[4.049015301054994,-1.2994442019354986],"(4, 0, 0, 0, 0, 1)":[3.2017522826360665,-0.6391097543432345],"(2, 0, 0, 0, 1, 1)":[3.0567973330905964,-0.56368637389981],"(1, 0, 0, 0, 1, 0)":[0.8499477696539569,-1.5176476770983633],"(1, 0, 0, 0, 1, 1)":[2.6050239168105214,-0.7277136792212008],"(1, 0, 0, 0, 0, 0)":[2.0677571979418383,-1.4174701570228874],"(5, 0, 0, 0, 0, 0)":[1.792959479127275,-0.18],"(6, 0, 0, 0, 0, 0)":[0.4316966037454528,-0.288],"(6, 0, 0, 0, 1, 0)":[-0.2298745798325136,-0.70704],"(7, 1, 0, 0, 1, 0)":[0,0.39599999999999996],"(9, 0, 0, 0, 1, 1)":[0,-0.572112],"(9, 0, 0, 0, 0, 1)":[0.10799999999999998,0],"(7, 0, 0, 0, 1, 0)":[0.10152,-0.36],"(7, 0, 0, 0, 0, 1)":[-0.252,-0.178704],"(5, 0, 0, 0, 1, 0)":[0.8987793334055574,-0.17748971164331015],"(6, 0, 0, 0, 0, 1)":[0.297998725090317,-0.288],"(2, 0, 0, 0, 0, 0)":[3.8395318170762285,-0.06368187486919416],"(0, 1, 0, 0, 1, 1)":[-0.3644564070082317,5.323619210569206],"(1, 2, 0, 0, 0, 1)":[-0.288,4.139971315154245],"(2, 2, 0, 1, 1, 1)":[0.05515199999999998,0],"(1, 1, 0, 0, 1, 0)":[-0.288,5.349874862272901],"(7, 0, 0, 0, 0, 0)":[0,0.21599999999999997],"(8, 0, 0, 0, 0, 1)":[0.20936490633215998,0],"(6, 0, 0, 0, 1, 1)":[0,-0.39599999999999996],"(8, 0, 0, 0, 1, 1)":[0.14476830911078398,0],"(5, 0, 0, 0, 0, 1)":[0.6067094293204299,-0.3101553357688977],"(1, 1, 0, 0, 0, 1)":[3.753925785744821,-0.13703654709880042],"(0, 2, 0, 0, 1, 0)":[-0.025842892038214743,7.761860172840717],"(0, 2, 0, 0, 0, 0)":[-0.36,7.925790343837267],"(0, 2, 0, 0, 1, 1)":[-0.5656319999999999,7.216053773992243],"(0, 1, 0, 0, 1, 0)":[-0.288,7.09655643964686],"(1, 0, 0, 1, 0, 1)":[-0.14911580016329484,5.902311396151203],"(3, 0, 0, 1, 1, 0)":[0,3.0187346283080614],"(0, 1, 0, 0, 0, 1)":[-0.08172578529350683,5.666029481014194],"(2, 0, 0, 1, 1, 1)":[4.4804251421505406,-0.31199915510331666],"(0, 0, 0, 1, 0, 1)":[-0.6956782125689243,5.608023371019393],"(1, 0, 0, 1, 0, 0)":[-0.46799999999999997,5.382555884863252],"(0, 1, 0, 1, 0, 0)":[-0.17599559614810126,7.379498194860902],"(2, 0, 0, 1, 1, 0)":[-0.0017755062012587142,6.286859694281351],"(0, 0, 0, 1, 1, 1)":[-0.0766392495773933,4.920229268842913],"(0, 0, 1, 0, 1, 1)":[6.562232517210702,0],"(1, 0, 0, 1, 1, 0)":[0.20492540124029324,6.300598184955709],"(0, 0, 0, 1, 1, 0)":[-0.033771372897786874,6.648277238311923],"(1, 0, 0, 1, 1, 1)":[-0.05561786370572902,7.402117090363416],"(2, 1, 0, 0, 0, 0)":[-0.06625076850787985,6.446526164398214],"(1, 0, 0, 2, 0, 0)":[0.3571898376375884,0],"(1, 1, 0, 0, 0, 0)":[-0.21289420963627848,6.721570452501132],"(0, 0, 0, 1, 0, 0)":[-0.10799999999999998,7.256485864327682],"(2, 1, 0, 0, 1, 0)":[2.353931384806917,0],"(1, 0, 0, 2, 1, 1)":[-0.10799999999999998,4.277078893201457],"(1, 0, 0, 2, 1, 0)":[-0.39599999999999996,3.99249565171011],"(0, 1, 0, 1, 1, 0)":[-0.06937719343473486,9.71737302876341],"(0, 0, 1, 0, 1, 0)":[2.9177025312767344,-0.15226626411029157],"(1, 0, 1, 0, 0, 0)":[4.786261827737833,0],"(3, 1, 0, 0, 1, 0)":[-0.27006862703772133,4.914241711028867],"(1, 2, 0, 0, 1, 0)":[-0.21599999999999997,6.38050633574154],"(1, 2, 0, 0, 0, 0)":[-0.576,5.397935948777172],"(3, 1, 0, 0, 0, 1)":[-0.1785664050018732,0.7561717886753065],"(2, 0, 0, 1, 0, 1)":[4.106782836345992,0],"(2, 0, 0, 2, 0, 1)":[0.4169906286156071,-0.3796060669688395],"(0, 2, 0, 0, 0, 1)":[-0.10799999999999998,6.410129290762202],"(1, 2, 0, 0, 1, 1)":[-0.39599999999999996,3.804533278606681],"(2, 1, 0, 0, 1, 1)":[-0.2535919929408548,4.634917175288504],"(0, 0, 0, 2, 1, 0)":[-0.3250368,5.632288885018638],"(3, 1, 0, 0, 1, 1)":[-0.018138399080348228,2.272916407284942],"(2, 1, 0, 0, 0, 1)":[2.8551471442928373,0],"(2, 0, 0, 1, 0, 0)":[-0.20141341284883618,6.565380521589821],"(2, 0, 1, 0, 0, 0)":[3.906219371174504,0],"(0, 3, 0, 0, 0, 0)":[-0.10799999999999998,3.509597591470685],"(3, 1, 0, 1, 1, 0)":[0.242928,0],"(2, 1, 0, 1, 0, 1)":[-0.10799999999999998,0.8600876745660149],"(0, 2, 0, 1, 0, 1)":[-0.39599999999999996,0.5872581741327014],"(0, 3, 0, 1, 1, 1)":[-0.10799999999999998,0.7653836618932133],"(2, 2, 0, 0, 0, 0)":[1.0831587117696195,0],"(0, 3, 0, 0, 1, 0)":[-0.038592,3.5616618653961494],"(0, 4, 0, 0, 1, 0)":[-0.46799999999999997,0],"(1, 4, 0, 0, 0, 0)":[-0.10799999999999998,0.072],"(3, 4, 0, 0, 0, 1)":[-0.144,0],"(3, 4, 0, 0, 1, 1)":[0.0,0],"(1, 4, 0, 0, 1, 0)":[-0.10799999999999998,0],"(4, 2, 0, 0, 1, 1)":[-0.04247999999999999,0.13185467541063353],"(2, 2, 0, 0, 1, 1)":[-0.2851177072947701,1.6316689600466274],"(2, 0, 1, 0, 1, 1)":[8.047550746596453,0],"(3, 1, 0, 0, 0, 0)":[3.4105908458387493,-0.051350753606166394],"(2, 0, 0, 2, 1, 1)":[-0.39945788308012437,-0.15440912714069735],"(3, 2, 0, 0, 0, 1)":[-0.21599999999999997,0.3967057707608687],"(2, 2, 0, 0, 0, 1)":[0.7897173635270246,0],"(3, 2, 0, 0, 0, 0)":[-0.5058992584876297,0.3464953108653172],"(1, 1, 0, 2, 0, 0)":[0.106704,0],"(1, 1, 0, 2, 1, 0)":[-0.21599999999999997,0.3091504568333632],"(0, 2, 0, 2, 1, 0)":[-0.46799999999999997,0],"(0, 2, 0, 2, 1, 1)":[0.030955967999999986,0],"(1, 2, 0, 2, 0, 1)":[-0.036,0],"(1, 2, 0, 2, 0, 0)":[-0.21599999999999997,0],"(2, 2, 0, 2, 1, 0)":[0.2167776,0],"(0, 2, 0, 2, 0, 1)":[-0.10799999999999998,0.5734391121732423],"(4, 1, 0, 0, 1, 1)":[3.872537194007007,0],"(4, 1, 0, 0, 1, 0)":[1.677659885028069,0],"(0, 0, 0, 2, 0, 0)":[-0.18,2.492442327940245],"(0, 3, 0, 0, 0, 1)":[-0.17596999749717343,1.024648096573512],"(0, 0, 1, 0, 0, 1)":[5.650571561721727,0],"(3, 0, 0, 1, 0, 0)":[-0.2462908323767392,3.9761836066566856],"(3, 2, 0, 0, 1, 1)":[-0.074592,0.44379342554772927],"(2, 2, 0, 0, 1, 0)":[-0.4060541365564936,2.5398723190558217],"(1, 1, 0, 1, 0, 0)":[-0.14607359999999997,3.7352987080546267],"(0, 1, 0, 2, 1, 0)":[-0.003110400000000013,0.3964600810504157],"(0, 1, 0, 3, 1, 0)":[-0.39599999999999996,0],"(0, 1, 0, 3, 0, 1)":[-0.21599999999999997,0],"(1, 1, 0, 3, 0, 1)":[-0.036,0],"(0, 1, 0, 3, 1, 1)":[-0.072,1.0512694951354133],"(0, 1, 0, 4, 1, 1)":[-0.46799999999999997,0],"(1, 1, 0, 4, 0, 1)":[-0.10799999999999998,0],"(2, 2, 0, 4, 0, 0)":[-0.252,0],"(2, 3, 0, 4, 1, 0)":[-0.036,0.43199999999999994],"(4, 0, 0, 1, 1, 1)":[-0.16320548119083117,0.42040124281084335],"(4, 1, 0, 0, 0, 1)":[0.7397903805263546,-0.38064200246007446],"(1, 0, 1, 0, 0, 1)":[5.7406632478374355,0],"(2, 0, 0, 2, 0, 0)":[-0.007453038521341118,2.4673476114205797],"(1, 0, 0, 2, 0, 1)":[-0.10799999999999998,2.273189140509716],"(2, 0, 0, 2, 1, 0)":[-0.067717617206145,1.5773778996008607],"(1, 0, 1, 0, 1, 1)":[7.689512871101966,0],"(3, 0, 1, 0, 0, 1)":[0.8330761654658987,0],"(3, 0, 0, 1, 1, 1)":[-0.05213434677875275,2.2533767242688976],"(1, 3, 0, 0, 0, 0)":[-0.1012961927625371,0],"(3, 0, 0, 1, 0, 1)":[2.5635566526071987,0],"(0, 0, 0, 2, 0, 1)":[-0.28462834632112954,0.9784332875485278],"(2, 0, 1, 0, 1, 0)":[3.9730129024290313,0],"(0, 0, 1, 0, 0, 0)":[-0.47752950551374995,0.8606819149696501],"(1, 0, 1, 0, 1, 0)":[4.6525480375310195,0],"(1, 1, 0, 1, 1, 1)":[-0.01659424623566541,2.0661678770964853],"(0, 1, 0, 1, 1, 1)":[-0.36,5.833919315013196],"(0, 1, 0, 1, 0, 1)":[-0.32399999999999995,3.100116312672836],"(5, 0, 0, 0, 1, 1)":[0.897030927490938,0],