{"(0, 0, 0, 0, 0, 0)":[-1.055914297238268,-3.725928889907371],"(0, 0, 0, 0, 1, 0)":[-1.9847940804795077,-4.036708520920068],"(0, 0, 0, 0, 0, 1)":[-4.3281936245164205,-1.0472649434694468],"(0, 0, 0, 1, 1, 1)":[-1.5490018399160486,1.332588161654877],"(0, 0, 0, 1, 0, 0)":[-1.9234507529695006,1.7585860851239434],"(1, 0, 0, 0, 0, 0)":[7.545928178723646,-0.17063066802215263],"(1, 0, 0, 0, 1, 1)":[4.993409317488565,-0.33009338175379943],"(0, 0, 0, 1, 1, 0)":[-1.8358693751293513,1.1394126950084948],"(1, 0, 0, 0, 1, 0)":[6.544909685714416,-0.10195179785970218],"(0, 0, 0, 1, 0, 1)":[-1.3871586489354084,2.4478313209706886],"(0, 0, 0, 2, 0, 0)":[-1.1378221000695137,2.751764853029581],"(0, 0, 0, 2, 0, 1)":[-1.086517756311808,3.9176573399671],"(0, 0, 0, 0, 1, 1)":[-3.8737103393530856,-1.7374680360488113],"(0, 0, 0, 3, 1, 1)":[-0.2943369463857602,5.217185136358759],"(0, 0, 0, 2, 1, 0)":[-0.23243859298850156,-0.29461840438517667],"(0, 0, 0, 4, 0, 0)":[-0.7291501779823265,3.04499625368281],"(0, 0, 0, 4, 0, 1)":[-0.373686681375114,4.115749493122298],"(0, 0, 0, 4, 1, 0)":[-0.10480896000000006,3.6903405222755734],"(0, 0, 0, 3, 1, 0)":[-1.1043495091930473,4.296471048279328],"(0, 0, 0, 2, 1, 1)":[-2.2335658108457297,4.2751659871395615],"(1, 0, 0, 2, 1, 0)":[6.418835987546914,-0.20996284003685936],"(0, 0, 0, 3, 0, 0)":[-0.7781297259133013,3.8483492396795542],"(0, 0, 0, 5, 1, 0)":[-0.4581284670132107,0.30864414176804955],"(0, 0, 0, 7, 1, 0)":[-0.18,-0.21620219617844316],"(0, 0, 0, 7, 0, 0)":[-0.32399999999999995,0],"(0, 0, 0, 7, 0, 1)":[0.39599999999999996,0],"(0, 0, 0, 6, 0, 0)":[-0.5342387092108104,-0.1421651147531457],"(0, 0, 0, 6, 1, 0)":[-0.252,0.6939324810676983],"(0, 0, 0, 5, 1, 1)":[0,1.2242745556915944],"(0, 0, 0, 6, 0, 1)":[-0.8713926429976686,0.3918776802913578],"(0, 0, 0, 7, 1, 1)":[0.18,0.38020257350321357],"(0, 0, 0, 5, 0, 1)":[-0.24185402097516967,1.3587677186058773],"(0, 0, 0, 5, 0, 0)":[-0.1520044981035801,0.8364089383169697],"(0, 0, 0, 6, 1, 1)":[-0.285663790006272,0.36860061014899365],"(0, 0, 0, 4, 1, 1)":[-0.18046058995314568,4.398173707409811],"(0, 0, 0, 3, 0, 1)":[-0.09285615572749312,5.344982222559413],"(0, 0, 1, 0, 0, 1)":[6.287197726940313,-0.288],"(0, 0, 1, 1, 0, 0)":[5.844120032562914,0],"(1, 0, 0, 4, 0, 0)":[0,2.47812676364971],"(1, 0, 0, 1, 0, 0)":[7.478108919616448,-0.054676306940058095],"(1, 0, 0, 0, 0, 1)":[4.449093753295628,-0.14572779785970214],"(2, 0, 0, 0, 1, 1)":[6.08216414791384,0],"(1, 0, 0, 1, 0, 1)":[2.918880695648337,0.29266119952381936],"(1, 0, 0, 2, 1, 1)":[4.471372617119519,0],"(1, 0, 0, 1, 1, 0)":[6.1542498681502655,-0.29690620895945363],"(1, 0, 0, 1, 1, 1)":[5.310800636334928,0],"(1, 0, 0, 2, 0, 0)":[6.7621831743484675,-0.1097273298922977],"(2, 0, 0, 0, 1, 0)":[9.861243104844126,0],"(0, 0, 1, 2, 0, 0)":[-0.012094572064968306,2.766609944737599],"(0, 0, 1, 1, 1, 1)":[5.667503901449213,0],"(0, 0, 1, 0, 0, 0)":[5.619224387320407,0],"(1, 0, 0, 2, 0, 1)":[4.294892640775571,0],"(0, 0, 1, 0, 1, 0)":[6.914764190371436,0],"(2, 0, 0, 0, 0, 1)":[7.926995088010872,0],"(0, 1, 0, 1, 0, 1)":[-0.25947492998878807,7.625029315480447],"(0, 1, 0, 1, 1, 1)":[-0.46799999999999997,6.035570002086189],"(0, 1, 0, 3, 0, 1)":[-0.21972144580620614,5.493547538968771],"(0, 1, 0, 4, 1, 1)":[-0.36,0.5970151586824446],"(0, 1, 0, 5, 1, 1)":[-0.36,0],"(0, 1, 0, 5, 0, 0)":[-0.072,0],"(0, 1, 0, 6, 0, 0)":[-0.32399999999999995,0],"(0, 1, 0, 6, 0, 1)":[-0.21599999999999997,0],"(0, 1, 0, 8, 1, 1)":[-0.18,0.39599999999999996],"(1, 0, 1, 0, 0, 0)":[4.868730419191756,0],"(0, 1, 0, 2, 0, 0)":[-0.36,4.627075850800404],"(0, 1, 0, 3, 0, 0)":[-0.36,1.9305685385740534],"(0, 1, 0, 4, 0, 1)":[-0.36,3.040223683339106],"(0, 1, 0, 5, 0, 1)":[0.28942396582905955,0],"(0, 0, 1, 0, 1, 1)":[4.6902785662807736,0],"(0, 1, 0, 3, 1, 1)":[-0.21669886184697285,2.671564970048129],"(0, 1, 0, 4, 1, 0)":[-0.252,0],"(0, 1, 0, 4, 0, 0)":[-0.288,0.3624623916464628],"(2, 0, 0, 1, 1, 1)":[5.4332971406608825,0],"(0, 0, 1, 1, 0, 1)":[5.124207135495908,0],"(2, 0, 0, 1, 0, 1)":[3.4677196614791312,0],"(0, 1, 0, 0, 0, 1)":[-0.043915873882173606,5.599229318021076],"(0, 1, 0, 0, 0, 0)":[-0.18,2.387544620235614],"(0, 1, 0, 0, 1, 0)":[-0.4342878549143341,1.4167003035833612],"(0, 1, 0, 0, 1, 1)":[-0.288,5.654944761492557],"(1, 0, 0, 3, 0, 1)":[1.3480564651278366,0],"(1, 0, 1, 1, 0, 0)":[2.6148978687697326,0],"(2, 0, 0, 0, 0, 0)":[9.554302590344477,0],"(0, 1, 0, 2, 0, 1)":[-0.18,7.622785640930649],"(0, 1, 0, 2, 1, 1)":[-0.21718803075123952,5.90809265730714],"(1, 0, 0, 3, 0, 0)":[5.371465978144062,0],"(0, 0, 1, 2, 1, 1)":[2.850117313874235,0],"(2, 0, 0, 4, 1, 1)":[0.072,0],"(1, 0, 0, 5, 1, 1)":[0.183307802939935,0],"(0, 0, 1, 2, 1, 0)":[3.606954233760015,0],"(0, 0, 2, 1, 0, 1)":[0.5938231362309019,-0.21859199999999995],"(2, 0, 0, 2, 0, 0)":[4.975386467519256,0],"(2, 0, 0, 2, 1, 1)":[2.7436885172532723,0],"(0, 1, 0, 1, 1, 0)":[-0.36,4.228941935624774],"(1, 0, 0, 3, 1, 1)":[-0.03470731111295523,4.693719802863504],"(0, 1, 0, 1, 0, 0)":[-0.17762173206662904,4.652914503533702],"(1, 0, 0, 3, 1, 0)":[-0.21599999999999997,1.9888691593117924],"(1, 0, 0, 4, 1, 0)":[1.5418143098114394,0],"(0, 0, 1, 1, 1, 0)":[3.655437661573727,-0.22330653843520928],"(0, 2, 0, 1, 1, 0)":[-0.36,0],"(0, 2, 0, 2, 0, 0)":[0.034704,0],"(0, 2, 0, 3, 0, 1)":[-0.288,0.40081711428652655],"(0, 2, 0, 3, 1, 1)":[-0.46799999999999997,0],"(0, 2, 0, 4, 1, 1)":[-0.32399999999999995,0.31782977367570475],"(0, 1, 0, 3, 1, 0)":[-0.46298139272563466,0.891543065595865],"(1, 0, 1, 0, 0, 1)":[5.921936316195724,0],"(0, 0, 1, 3, 0, 1)":[0.6255215143131343,0],"(0, 0, 2, 0, 0, 0)":[2.4173768396193727,0],"(2, 0, 0, 2, 0, 1)":[2.848243271223346,0],"(0, 0, 2, 1, 1, 0)":[0.4694964220665448,0],"(1, 1, 0, 1, 0, 0)":[0.28826000640932686,0],"(0, 1, 0, 2, 1, 0)":[-0.46799999999999997,3.104508502299292],"(0, 0, 1, 2, 0, 1)":[3.327989073697138,0],"(2, 0, 0, 3, 0, 1)":[0.4213277154052126,0],"(2, 0, 0, 3, 1, 1)":[1.1531143305199396,0],"(2, 0, 0, 3, 0, 0)":[0.8602746767671778,0],"(1, 0, 0, 4, 0, 1)":[-0.028287737205879515,3.2001739237521596],"(0, 0, 1, 3, 1, 0)":[-0.19728947961311324,0.5971915162679073],"(0, 0, 1, 4, 0, 1)":[0.3180978084570625,0],"(0, 2, 0, 4, 0, 0)":[-0.252,0],"(0, 2, 0, 4, 0, 1)":[-0.072,0.2127066126988886],"(2, 0, 0, 1, 0, 0)":[7.949650435671306,0],"(1, 1, 0, 0, 0, 1)":[0.3043615960576827,0],"(1, 0, 1, 0, 1, 1)":[2.972444906596558,0],"(2, 0, 0, 3, 1, 0)":[0.7231130998617936,0],"(2, 0, 0, 2, 1, 0)":[4.257142792458125,0],"(2, 0, 0, 1, 1, 0)":[-0.09393006953246616,1.6352620742878874],"(1, 0, 0, 4, 1, 1)":[-0.20451016616880235,1.290224742056154],"(1, 0, 1, 2, 1, 0)":[0.1397457553650249,0],"(0, 0, 2, 0, 0, 1)":[1.7486998188848641,0],"(0, 0, 2, 2, 1, 1)":[-0.153776205692741,0.007992264006701433],"(0, 2, 0, 1, 0, 0)":[-0.25329599999999997,0],"(0, 2, 0, 2, 0, 1)":[-0.36,0.7885655847192528],"(1, 1, 0, 0, 1, 0)":[0.9127987673118014,0],"(0, 0, 2, 0, 1, 0)":[2.152684706173544,0],"(1, 0, 1, 0, 1, 0)":[2.630108185082976,0],"(1, 0, 1, 1, 0, 1)":[1.9381874024432035,0],"(1, 1, 0, 0, 0, 0)":[1.5661714600472803,0],"(2, 0, 1, 0, 1, 0)":[0.5577241133088673,0],"(0, 0, 2, 1, 1, 1)":[-0.03958641810149144,0],"(0, 0, 1, 3, 0, 0)":[2.6597437691698476,0],"(0, 2, 0, 3, 0, 0)":[0.002945221496896628,0],"(1, 0, 1, 1, 1, 1)":[0.6051809141636834,0],"(0, 0, 2, 2, 0, 0)":[0.7707946877090364,0],"(1, 0, 2, 0, 0, 0)":[0.6129347061573315,0],"(0, 0, 2, 1, 0, 0)":[0.7078981371064443,0],"(0, 0, 1, 4, 0, 0)":[0.106198130285371,0],"(0, 0, 2, 0, 1, 1)":[0.5728968874583509,0],"(0, 0, 1, 3, 1, 1)":[-0.23302242458429512,-0.49411598516129157],"(1, 0, 1, 2, 0, 1)":[0.3610683429061512,0],"(3, 0, 0, 1, 1, 0)":[0.4595813608693725,0],"(2, 0, 0, 4, 0, 1)":[0.0020298152155097645,0],"(1, 1, 0, 2, 0, 0)":[0.43004244745227116,0],"(1, 0, 1, 1, 1, 0)":[0.7698223795986565,0],"(0, 0, 2, 2, 0, 1)":[0.13256756013245152,0],"(1, 0, 2, 2, 0, 0)":[0.6058079426681596,0],"(1, 1, 0, 2, 1, 0)":[0.14231621776977854,0],"(1, 0, 1, 2, 1, 1)":[0.595389309487966,0],"(0, 2, 0, 1, 1, 1)":[-0.1411996339937242,0],