{"(0, 0, 0, 0, 0, 0)":[-0.7708536093047,-3.753982697929522],"(0, 0, 0, 0, 0, 1)":[-2.6303193898892534,-0.282686228722331],"(0, 1, 0, 0, 1, 0)":[-1.522376614584514,0.7679591780244136],"(0, 0, 0, 0, 1, 0)":[-0.9486001164890345,-3.614643841191399],"(0, 2, 0, 0, 1, 0)":[-0.7118860274952237,2.0252652745079684],"(0, 0, 0, 0, 1, 1)":[-2.878004515809869,-0.8227954321329616],"(0, 1, 0, 0, 1, 1)":[-1.435797259164835,2.9853560866865543],"(0, 0, 2, 0, 1, 1)":[2.5834372003678516,-0.3831350354045264],"(0, 1, 2, 0, 0, 1)":[1.3798542195231944,-0.235152],"(1, 0, 2, 0, 0, 0)":[5.280112931011742,0],"(0, 2, 0, 0, 1, 1)":[-1.3032450762690693,6.2317744890670745],"(0, 3, 0, 0, 1, 1)":[0,4.354625536064378],"(0, 1, 0, 0, 0, 0)":[-1.8545950014983952,1.005553247284689],"(0, 3, 0, 0, 1, 0)":[-0.37741779158802463,2.6222701430357933],"(0, 4, 0, 0, 1, 1)":[-0.8778984342063022,2.7056685774587073],"(0, 2, 0, 0, 0, 1)":[0.23390269566771904,6.947570646432878],"(0, 3, 1, 0, 0, 0)":[3.551612678978011,0],"(0, 3, 0, 0, 0, 1)":[-0.6452090081428892,4.0119895299169634],"(0, 2, 0, 0, 0, 0)":[-1.4617832830424937,3.495216049633218],"(0, 4, 0, 0, 1, 0)":[-0.42164920421219587,2.7592070512385063],"(0, 4, 0, 0, 0, 1)":[-0.039684787200000016,4.586726305779074],"(0, 5, 0, 0, 1, 0)":[0,0.5414653221359383],"(0, 6, 0, 0, 0, 1)":[-0.92572616779776,1.907476903792627],"(0, 7, 0, 0, 1, 0)":[-0.4356176562801406,0],"(0, 8, 0, 0, 1, 1)":[-0.18,0],"(0, 9, 0, 0, 0, 0)":[-0.43199999999999994,0],"(0, 9, 0, 0, 0, 1)":[0.12974399999999997,0],"(0, 9, 0, 0, 1, 0)":[0,0.288],"(0, 8, 0, 0, 0, 1)":[0,1.1085833475457514],"(0, 7, 0, 0, 0, 1)":[0,-0.072],"(0, 5, 0, 0, 0, 0)":[0,0.983418758540791],"(0, 5, 1, 0, 1, 0)":[-0.18,0.06292800000000001],"(0, 5, 0, 0, 0, 1)":[-0.325296,1.1518932653209846],"(0, 6, 0, 0, 1, 0)":[-0.36,0.03406130746736878],"(0, 6, 0, 0, 1, 1)":[-0.46247401779357183,-0.10799999999999998],"(0, 4, 1, 0, 1, 0)":[-0.1992937008165439,0.6347414793410682],"(0, 6, 0, 0, 0, 0)":[-0.395647488,0.576],"(0, 3, 1, 0, 1, 1)":[0,3.8015143602893926],"(0, 2, 1, 0, 0, 0)":[6.4069416455236885,-0.10799999999999998],"(0, 1, 1, 0, 0, 1)":[-0.5945377024640429,7.580542385936565],"(0, 5, 0, 0, 1, 1)":[-0.46799999999999997,0.5462729094227257],"(0, 3, 0, 0, 0, 0)":[-0.5465266642078285,5.560156358462301],"(0, 1, 0, 0, 0, 1)":[-1.2268275419847117,4.576521932785661],"(0, 2, 1, 0, 0, 1)":[-0.5651322623999999,7.094894071996939],"(0, 4, 0, 0, 0, 0)":[0,3.981774343892038],"(0, 2, 1, 0, 1, 1)":[-0.10251703198930405,5.071840696233039],"(0, 0, 2, 0, 0, 0)":[6.990327773329229,0.11087275560947711],"(1, 2, 0, 0, 1, 1)":[0,4.155134460032414],"(1, 0, 0, 0, 0, 0)":[4.636550146486822,-0.356112],"(1, 0, 1, 0, 1, 1)":[1.409891178671086,-0.610704],"(2, 0, 1, 0, 0, 1)":[0.3949009737731618,-0.36],"(0, 1, 1, 0, 1, 1)":[0.1005861710339947,4.3457418879718235],"(0, 3, 1, 0, 0, 1)":[-0.15540787969274394,3.8424349464296226],"(0, 2, 1, 0, 1, 0)":[-0.6175810682904064,2.079047541689295],"(1, 0, 1, 0, 0, 1)":[4.189592550403841,0],"(0, 0, 1, 0, 0, 0)":[5.4034618183883785,0.0],"(2, 1, 0, 0, 0, 1)":[-0.2086958339046972,2.4848465207507417],"(0, 1, 1, 0, 1, 0)":[7.074801231521127,-0.4312176503979791],"(0, 0, 1, 0, 1, 0)":[5.898058270310553,0],"(0, 1, 0, 1, 0, 1)":[0,8.302428787305491],"(0, 1, 0, 2, 1, 0)":[-0.36,0.3964723953382361],"(0, 1, 0, 2, 1, 1)":[-0.39599999999999996,5.102892293038726],"(0, 1, 0, 3, 1, 1)":[0.036,0],"(0, 2, 0, 2, 0, 0)":[0.5737611503921549,0],"(0, 1, 0, 1, 0, 0)":[-0.32399999999999995,6.259341569527633],"(0, 2, 0, 1, 1, 0)":[-0.21729599999999996,4.069507295027849],"(0, 2, 0, 1, 0, 1)":[0,10.665726983978459],"(0, 0, 1, 0, 1, 1)":[-0.36166217349370317,1.0789883830427278],"(1, 0, 0, 0, 1, 1)":[1.9914461082608372,-0.4040030473011421],"(1, 1, 0, 0, 0, 0)":[5.1199621464288505,-0.21441122101492321],"(1, 2, 0, 0, 0, 1)":[0,5.072522388778657],"(0, 0, 1, 0, 0, 1)":[-0.8535449138140845,2.848917488588382],"(0, 0, 0, 1, 1, 0)":[-0.5905291840785031,2.6167423897159883],"(0, 0, 0, 1, 0, 0)":[-0.18347064366980972,2.0102101601734383],"(0, 3, 0, 1, 0, 1)":[0,7.037713535633539],"(1, 0, 0, 0, 0, 1)":[-0.7854885087781787,1.0142284337750527],"(0, 0, 0, 1, 1, 1)":[-0.27504,6.460237224793434],"(1, 0, 0, 0, 1, 0)":[5.673739945774607,-0.2666911514312619],"(1, 1, 0, 0, 1, 1)":[-0.12440261305602493,5.718663168585096],"(0, 1, 0, 1, 1, 0)":[-0.564336,6.811905502020819],"(0, 0, 2, 0, 1, 0)":[9.000729717471733,0],"(0, 1, 1, 0, 0, 0)":[6.688368308863752,0],"(0, 2, 3, 0, 1, 0)":[0.12118862405149444,-0.4100165749704394],"(0, 2, 2, 0, 0, 0)":[4.941929250942183,0],"(1, 0, 0, 1, 1, 1)":[-0.367776,0],"(0, 0, 0, 1, 0, 1)":[-0.4841712149516377,7.7020837331525085],"(1, 1, 1, 0, 0, 0)":[7.574687766739301,0],"(1, 1, 0, 0, 0, 1)":[-0.23091911369910129,5.058730413334452],"(1, 2, 0, 0, 1, 0)":[6.0421235260924675,0],"(1, 1, 0, 0, 1, 0)":[5.662443157299607,-0.30411775369447647],"(1, 0, 1, 0, 0, 0)":[11.943373750417663,0],"(2, 0, 0, 0, 0, 0)":[8.004470579606382,0],"(2, 0, 0, 0, 1, 1)":[0.963852331760179,0],"(0, 3, 0, 1, 1, 1)":[-0.072,5.460465268583593],"(0, 4, 0, 1, 0, 1)":[-0.46799999999999997,2.0235856746360397],"(0, 5, 0, 1, 0, 1)":[-0.18,0],"(0, 6, 0, 1, 1, 0)":[-0.36,0.576],"(0, 2, 0, 1, 1, 1)":[-0.28516090795109567,10.173297426616184],"(2, 0, 0, 0, 0, 1)":[1.7358492525185967,0],"(2, 2, 0, 0, 0, 0)":[-0.02788011132105002,0.2954386222665843],"(0, 1, 0, 1, 1, 1)":[-0.46799999999999997,10.089345289115569],"(1, 3, 0, 0, 0, 1)":[-0.003109608714240014,5.707188139565045],"(0, 1, 2, 0, 0, 0)":[7.756046976265615,0],"(0, 1, 2, 0, 1, 0)":[7.45720861815597,0],"(1, 0, 1, 0, 1, 0)":[11.73433257599071,0],"(0, 0, 2, 0, 0, 1)":[4.0544249215297485,-0.4593245139465554],"(2, 1, 0, 0, 1, 0)":[3.7444102643465467,-0.17264747966739274],"(1, 2, 0, 0, 0, 0)":[7.003947068108329,-0.14325028645176208],"(0, 0, 1, 1, 0, 1)":[0.9082421706304636,0],"(0, 0, 0, 2, 0, 1)":[-0.36,8.521091951616137],"(0, 0, 0, 3, 0, 0)":[-0.36,0.3197626600219626],"(0, 0, 0, 4, 0, 0)":[-0.36,0],"(0, 0, 0, 4, 0, 1)":[-0.252,0],"(0, 1, 0, 4, 0, 1)":[0.10799999999999998,0],"(0, 2, 0, 4, 0, 1)":[-0.18,0],"(0, 3, 0, 4, 1, 1)":[-0.325296,0],"(0, 3, 0, 4, 0, 1)":[-0.36,0],"(0, 4, 0, 4, 0, 0)":[-0.0038880000000000164,0],"(0, 4, 0, 4, 0, 1)":[-0.072,0],"(0, 5, 0, 4, 1, 1)":[-0.072,0],"(0, 5, 0, 4, 1, 0)":[-0.18,0],"(0, 5, 0, 4, 0, 0)":[-0.072,0],"(0, 6, 0, 4, 0, 0)":[-0.18,0],"(0, 7, 0, 4, 0, 0)":[0.10799999999999998,0],"(0, 7, 0, 4, 1, 1)":[-0.252,0],"(0, 8, 0, 4, 1, 1)":[-0.144,0],"(0, 9, 0, 4, 0, 0)":[-0.144,0.0],"(0, 8, 0, 2, 0, 0)":[0.0,0],"(0, 8, 0, 2, 1, 1)":[-0.18,0],"(0, 9, 0, 2, 0, 1)":[-0.36,0],"(0, 9, 0, 2, 0, 0)":[-0.10799999999999998,0.46799999999999997],"(0, 8, 0, 0, 0, 0)":[0.18024986879999996,0],"(0, 8, 0, 0, 1, 0)":[-0.18,0.001027482236928],"(0, 4, 1, 0, 0, 0)":[0.8470815437277849,0],"(2, 0, 0, 0, 1, 0)":[6.6715777394346745,0],"(0, 4, 1, 0, 0, 1)":[-0.17257275556224233,1.1561933107844014],"(1, 3, 0, 0, 1, 0)":[1.9294300253348147,0],"(0, 1, 2, 0, 1, 1)":[2.1942575326606337,0],"(0, 2, 1, 1, 0, 1)":[-0.1579358573374055,0],"(0, 2, 0, 1, 0, 0)":[-0.6742240722224506,2.190047493739865],"(0, 3, 0, 1, 1, 0)":[-0.1473587838270393,1.1783467101452982],"(0, 3, 1, 0, 1, 0)":[4.983807176512793,0],"(0, 0, 2, 2, 1, 0)":[0.2942625677915388,0],"(0, 1, 0, 2, 0, 1)":[-0.288,8.266603951797423],"(0, 2, 0, 2, 0, 1)":[-0.037111660276552855,0.9542431215807317],"(0, 3, 0, 2, 0, 0)":[-0.46799999999999997,1.8724210701040787],"(0, 4, 0, 2, 1, 0)":[-0.288,-0.14930864517864642],"(1, 0, 1, 1, 1, 0)":[0.1108512,0],"(0, 1, 3, 0, 1, 0)":[-0.26240878802055395,-0.49516060226650166],"(0, 1, 1, 1, 0, 1)":[1.1460134869604282,0],"(1, 1, 1, 0, 1, 0)":[8.013901295259549,0],"(0, 2, 2, 0, 1, 0)":[4.197154646419409,0],"(3, 0, 0, 0, 1, 0)":[0.7279836267262789,0],"(0, 0, 0, 2, 0, 0)":[-0.10840903770253912,3.379682036204285],"(0, 2, 2, 0, 0, 1)":[1.8542429071845459,0],"(1, 3, 1, 0, 0, 0)":[0.5967687888107107,0],"(0, 3, 2, 0, 0, 1)":[0.31428074545914775,0],"(2, 1, 0, 0, 0, 0)":[5.201913262464493,0],"(1, 3, 0, 0, 1, 1)":[-0.05045939048539666,0.8143530737669158],