{"(0, 0, 0, 0, 0, 0)":[-2.9673800663972454,-0.6125278322602217],"(1, 0, 0, 0, 0, 0)":[-2.4064087470101767,0.9478053223529238],"(0, 0, 0, 0, 1, 1)":[-0.859152812917546,-3.400181388504051],"(0, 0, 0, 0, 1, 0)":[-1.227842290542756,-3.6147211023497747],"(1, 0, 0, 0, 1, 0)":[2.1756360192846045,-1.404503359560504],"(0, 0, 0, 0, 0, 1)":[-3.6183024278023783,-1.286062135098872],"(2, 0, 0, 0, 0, 0)":[2.663225917198748,-1.1295426040821601],"(2, 0, 0, 0, 1, 1)":[5.65322170680227,0.10632300265166308],"(2, 0, 0, 0, 1, 0)":[5.027428894010004,-0.4558468891478971],"(3, 0, 0, 0, 1, 0)":[4.719925431387523,0.40578905665708814],"(3, 0, 0, 0, 0, 1)":[2.8532666766368866,-0.1359084807733708],"(1, 0, 0, 0, 0, 1)":[0.05963439291469319,-2.430399009183256],"(1, 0, 0, 0, 1, 1)":[4.468393684689178,-1.3822382471398236],"(2, 0, 0, 0, 0, 1)":[1.866575237245545,-0.7318986094729102],"(3, 0, 0, 0, 0, 0)":[2.501634199047542,-0.494244880599788],"(3, 0, 0, 0, 1, 1)":[4.390628080167813,-1.7454004159614582],"(4, 0, 0, 0, 1, 1)":[2.6688097709397547,-1.2684515583400988],"(4, 0, 0, 0, 1, 0)":[3.8872246136503374,-0.7233250801111409],"(5, 0, 0, 0, 0, 1)":[0.036,0],"(3, 1, 0, 0, 0, 1)":[-0.07270568559860974,3.9444125072182743],"(2, 1, 0, 0, 1, 1)":[6.530764115753314,0.5990549809960202],"(0, 1, 0, 0, 0, 0)":[-0.19931347622338308,6.298682280099452],"(0, 1, 0, 0, 0, 1)":[-0.06088850029211954,7.936792080563996],"(0, 1, 0, 0, 1, 1)":[-0.3702315087576991,2.9802651424933764],"(4, 0, 0, 0, 0, 0)":[3.332624421903042,-0.03839659354761146],"(4, 0, 0, 0, 0, 1)":[3.3768967696885666,-0.7285295767424449],"(5, 0, 0, 0, 1, 1)":[0.7512489025116617,-0.072],"(7, 0, 0, 0, 1, 0)":[0,-0.288],"(8, 0, 0, 0, 1, 0)":[0.252,0.42059519999999995],"(8, 0, 0, 0, 0, 1)":[0,-0.43199999999999994],"(8, 0, 0, 0, 1, 1)":[-0.0331488,-0.39599999999999996],"(6, 0, 0, 0, 1, 0)":[-0.07150599548928,0],"(3, 1, 0, 0, 1, 0)":[3.24549903903042,0],"(2, 1, 0, 0, 0, 0)":[-0.38431494069967675,7.45155171536324],"(0, 2, 0, 0, 0, 0)":[0,9.512032675818169],"(1, 1, 0, 0, 1, 0)":[-0.46799999999999997,3.1224617292584695],"(0, 0, 1, 0, 0, 1)":[-0.13396237353091528,2.1326699396150857],"(5, 0, 0, 0, 0, 0)":[0.7077476198983716,0],"(1, 1, 0, 0, 0, 1)":[-0.2502396891451812,7.3443595878611685],"(6, 0, 0, 0, 1, 1)":[0.16816114653986658,-0.144],"(0, 0, 0, 1, 0, 1)":[-0.4319401132749809,5.826441503916936],"(0, 0, 0, 1, 0, 0)":[-0.9712647601854238,6.553392287398904],"(0, 0, 0, 1, 1, 0)":[-0.10588133130476632,3.530904299149067],"(2, 0, 0, 1, 0, 1)":[-0.19948612819458378,5.718325465709252],"(1, 1, 0, 0, 1, 1)":[3.8547324582332108,-0.6414826163807883],"(0, 1, 0, 0, 1, 0)":[-0.42070752574853926,4.419460814087204],"(1, 2, 0, 0, 0, 1)":[-0.18,7.079877217277387],"(2, 2, 0, 0, 1, 0)":[2.1451965643645186,0],"(0, 0, 1, 0, 1, 0)":[6.837596370583551,0],"(0, 2, 0, 0, 1, 0)":[-0.22069751431079962,6.2212456024426155],"(1, 0, 0, 1, 0, 0)":[0,5.348542074737991],"(1, 0, 0, 1, 0, 1)":[-0.052514090245940795,5.867324956571425],"(0, 0, 0, 1, 1, 1)":[-0.7330848382116397,2.9401499298940226],"(0, 2, 0, 0, 0, 1)":[-0.21629302210303772,9.178175767214332],"(0, 3, 0, 0, 1, 1)":[-0.21781458958306898,0.5258035154185763],"(1, 2, 0, 0, 0, 0)":[-0.10799999999999998,8.23482015188304],"(0, 1, 0, 1, 1, 0)":[0,9.119570184015501],"(0, 0, 1, 0, 1, 1)":[5.595567401640961,0],"(2, 0, 0, 1, 1, 0)":[-0.16588054676103192,3.2392220819210893],"(1, 0, 0, 1, 1, 1)":[3.5429431304630845,-0.27863087658938995],"(0, 0, 0, 2, 0, 1)":[-0.058208787499441306,6.053598601669954],"(0, 0, 0, 2, 0, 0)":[-0.36,6.31742815412032],"(0, 0, 0, 2, 1, 1)":[-0.36,4.064930441527411],"(2, 1, 0, 0, 1, 0)":[-0.1049964757385928,4.097668142012486],"(1, 0, 1, 0, 0, 0)":[1.277178898946027,-0.1452766754875804],"(2, 0, 1, 0, 1, 1)":[9.71258733067102,0],"(1, 1, 0, 0, 0, 0)":[-0.058462159626337676,6.350612641713707],"(2, 0, 0, 1, 1, 1)":[5.155656964731247,-0.2599358309511523],"(2, 0, 0, 1, 0, 0)":[-0.06950756180607551,6.335156915240482],"(1, 0, 0, 1, 1, 0)":[4.41603992766894,0],"(1, 0, 0, 2, 0, 0)":[-0.40608806399999997,5.181558341700241],"(1, 0, 0, 2, 1, 0)":[-0.288,3.164664760361757],"(1, 0, 0, 2, 1, 1)":[-0.574704,4.1533553740554625],"(0, 0, 0, 3, 0, 1)":[-0.0370368,0.8957378131104492],"(0, 0, 0, 3, 1, 1)":[-0.10799999999999998,-0.11634339744092255],"(0, 0, 0, 3, 1, 0)":[-0.10799999999999998,1.5622732294018609],"(0, 2, 0, 0, 1, 1)":[-0.46799999999999997,5.2630225163115725],"(4, 0, 1, 0, 1, 0)":[1.644012713413169,0],"(2, 1, 0, 0, 0, 1)":[-0.23708499122917487,6.678168943674538],"(0, 1, 0, 1, 1, 1)":[-0.4242859315999614,7.712829496296466],"(0, 1, 0, 1, 0, 1)":[-0.036,10.522470947632174],"(0, 1, 0, 1, 0, 0)":[-0.46799999999999997,11.132944685390736],"(0, 2, 0, 2, 1, 0)":[-0.144,0],"(0, 2, 0, 2, 1, 1)":[0.10799999999999998,0],"(0, 2, 0, 2, 0, 1)":[-0.072,0.7282157823622916],"(0, 2, 0, 2, 0, 0)":[-0.32399999999999995,0],"(0, 3, 0, 2, 1, 0)":[-0.252,0],"(0, 3, 0, 2, 1, 1)":[0.4641119999999999,0],"(0, 3, 0, 2, 0, 1)":[-0.36,0.5726739092506216],"(0, 3, 0, 2, 0, 0)":[0.072,0],"(1, 3, 0, 2, 1, 0)":[-0.3232224,0],"(1, 0, 1, 0, 1, 0)":[8.190603846423159,0],"(3, 0, 0, 1, 1, 1)":[6.5508232125027055,0],"(1, 1, 0, 1, 1, 1)":[-0.28381591016181806,2.0271593781935495],"(1, 0, 1, 0, 0, 1)":[-0.07527492143215458,3.5469935582199033],"(3, 1, 0, 0, 1, 1)":[5.664813802917655,-0.29727789143132516],"(3, 0, 1, 0, 1, 1)":[7.607076009689305,0],"(2, 0, 1, 0, 1, 0)":[10.720091116762458,0],"(1, 0, 1, 0, 1, 1)":[10.111636926665115,0],"(0, 0, 0, 2, 1, 0)":[-0.43199999999999994,4.374381127030245],"(1, 1, 0, 2, 0, 0)":[-0.252,0],"(3, 1, 0, 0, 0, 0)":[-0.252,6.141539208143581],"(2, 1, 0, 1, 1, 0)":[-0.288,0.7027354765330557],"(1, 2, 0, 1, 1, 1)":[-0.46799999999999997,1.1836303959236956],"(2, 2, 0, 1, 0, 1)":[-0.036,0],"(1, 2, 0, 1, 0, 0)":[-0.09000403199999996,2.7475423335032296],"(1, 2, 0, 1, 1, 0)":[-0.072,0.5404828073785457],"(1, 3, 0, 0, 0, 0)":[0.03598293229210521,0],"(2, 3, 0, 0, 0, 0)":[-0.28983121135026585,0],"(2, 0, 0, 2, 1, 1)":[0.688262760029933,0],"(1, 2, 0, 0, 1, 1)":[-0.13633665568264758,3.927665527044075],"(2, 0, 0, 2, 0, 1)":[-0.36,0.9552680202195248],"(2, 0, 0, 2, 0, 0)":[-0.1784448,2.8807722862085514],"(1, 0, 0, 2, 0, 1)":[-0.10799999999999998,4.602008958340395],"(2, 0, 0, 2, 1, 0)":[1.1573497214695283,0],"(0, 0, 2, 0, 1, 1)":[6.165258906764231,0],"(0, 0, 1, 0, 0, 0)":[0.19153737929602466,-0.5641163278776675],"(1, 0, 2, 0, 0, 1)":[0.25777800905806497,0],"(4, 1, 0, 0, 1, 0)":[3.518117720091056,0],"(2, 2, 0, 0, 0, 1)":[2.2728303827096688,0],"(3, 2, 0, 0, 0, 0)":[1.0955119723888656,-0.1411587769504884],"(2, 2, 0, 0, 0, 0)":[-0.07047789797384996,5.252705741203376],"(1, 2, 0, 0, 1, 0)":[-0.22103616410948232,4.938347367358584],"(1, 1, 0, 1, 0, 0)":[-0.1646251982088109,7.8063947497368],"(2, 1, 0, 1, 0, 0)":[-0.1791146917297537,1.0231410284224522],"(4, 2, 0, 0, 0, 1)":[0.18,0],"(1, 1, 0, 1, 0, 1)":[-0.21599999999999997,5.365029666269257],"(0, 2, 0, 1, 0, 1)":[-0.1038882151691516,4.424794287519112],"(0, 2, 0, 1, 1, 0)":[-0.46799999999999997,0.9896063486317153],"(2, 1, 1, 0, 1, 0)":[0.5736442874297947,0],"(0, 0, 1, 1, 1, 0)":[2.210804027436037,0],"(3, 2, 0, 0, 1, 0)":[1.0751865189035723,0],"(2, 2, 0, 0, 1, 1)":[-0.3499976027919882,2.0294105426845173],"(0, 3, 0, 0, 0, 1)":[-0.36,1.3983036905812596],"(0, 4, 0, 0, 0, 1)":[-0.39599999999999996,1.549687513287859],"(0, 4, 0, 0, 1, 1)":[0.0,0],"(1, 4, 0, 0, 1, 0)":[-0.18,0],"(0, 4, 0, 0, 0, 0)":[-0.36,0],"(0, 0, 2, 0, 0, 0)":[-0.17537506119578583,0.3650047526607151],"(1, 0, 2, 0, 1, 1)":[2.446668790300847,0],"(3, 0, 0, 1, 1, 0)":[-0.14304147531188283,1.8740199213755604],"(2, 0, 1, 0, 0, 1)":[1.8311852379039049,0],"(2, 1, 0, 1, 0, 1)":[-0.10799999999999998,0.6028514358581797],"(1, 2, 0, 1, 0, 1)":[0.9437231064693363,0],"(0, 2, 0, 1, 1, 1)":[-0.4289744547957973,3.53995055718467],"(0, 2, 0, 1, 0, 0)":[-0.36,1.7261217029602811],"(4, 1, 0, 0, 0, 0)":[-0.3545224270911907,1.7124076168832623],"(0, 0, 1, 1, 0, 0)":[-0.028296216797566526,0.4197157480318565],"(0, 0, 2, 0, 1, 0)":[2.9919872540549934,0],