{"(0, 0, 0, 0, 0, 0)":[-1.0558155805599352,-3.570324016102652],"(0, 0, 0, 0, 1, 0)":[-3.879122798402747,0.27604326122927614],"(0, 0, 0, 0, 1, 1)":[-4.190424881655458,0.1092802544744598],"(0, 0, 0, 0, 0, 1)":[-0.778603497533521,-3.713406122232028],"(0, 0, 1, 0, 1, 1)":[2.2656282369704512,-1.425470300798171],"(0, 0, 0, 1, 1, 1)":[-0.2235371755929708,6.161689729134591],"(0, 0, 0, 1, 0, 1)":[-0.39599999999999996,1.7361568593288748],"(0, 0, 1, 0, 1, 0)":[1.9343686625836296,-1.3899293192734214],"(0, 0, 1, 0, 0, 0)":[3.425204148971485,-2.1724980690663798],"(0, 0, 4, 0, 0, 0)":[4.753733056436367,-0.2499264],"(0, 0, 4, 0, 1, 1)":[5.0915697425152215,-0.3950204787556011],"(0, 0, 2, 0, 0, 1)":[4.400718974315809,-0.5516383839749088],"(0, 0, 3, 0, 1, 0)":[3.98440842200374,-0.07634380843582023],"(0, 0, 4, 0, 0, 1)":[2.9379081630906256,-0.29450488681403675],"(0, 0, 3, 0, 0, 1)":[4.172520115840801,-0.5754919404646308],"(0, 0, 1, 0, 0, 1)":[3.9466041596289254,-1.814803178765416],"(0, 0, 2, 0, 1, 1)":[2.8386745416388073,-0.3969476426314875],"(0, 0, 2, 0, 1, 0)":[4.467287621330338,-0.29775725715950235],"(0, 0, 3, 0, 0, 0)":[4.1105874624004795,0.0038316426828257366],"(0, 0, 0, 2, 0, 0)":[0,5.961452212166767],"(0, 0, 0, 1, 1, 0)":[-1.059085371270585,6.118040340634877],"(0, 0, 2, 0, 0, 0)":[4.484124471023205,-1.3524924988626887],"(0, 0, 3, 0, 1, 1)":[4.796948882206997,-0.06029378188237497],"(0, 1, 0, 0, 1, 1)":[-0.252,4.536715798296211],"(0, 1, 0, 0, 0, 0)":[-0.4719497930003399,2.781178304200618],"(0, 1, 0, 0, 1, 0)":[-0.08092921650496537,6.20343116979474],"(0, 1, 1, 0, 0, 1)":[-0.5929988260204986,3.704983306362336],"(0, 0, 0, 1, 0, 0)":[-0.6373137795265539,5.602478657836537],"(0, 0, 1, 1, 0, 0)":[-0.4024047817489368,2.63301984820497],"(0, 0, 2, 1, 1, 0)":[3.5971132058152535,0],"(0, 1, 0, 2, 0, 1)":[-0.741744,1.2870341242322958],"(0, 1, 0, 2, 1, 1)":[0.0,3.9265241018010837],"(0, 2, 1, 2, 0, 0)":[0,0.5819189295379507],"(0, 1, 0, 1, 0, 1)":[-0.2854070959634841,12.389099088751097],"(0, 0, 0, 2, 1, 1)":[-0.02226239999999996,9.117716094921443],"(0, 0, 2, 2, 0, 1)":[-0.252,2.662083662283109],"(0, 0, 4, 0, 1, 0)":[3.3431361888796904,0],"(0, 0, 3, 1, 0, 1)":[3.893303025536407,0],"(0, 1, 2, 1, 1, 0)":[-0.036,3.1248997453169958],"(0, 1, 1, 0, 1, 1)":[-0.10365332473593258,4.743796867436668],"(0, 1, 0, 0, 0, 1)":[0.10799999999999998,4.099610963924617],"(0, 1, 0, 2, 1, 0)":[-0.003110400000000013,1.9568428685291894],"(0, 2, 0, 0, 0, 1)":[-0.10799999999999998,6.892133349651138],"(0, 2, 1, 0, 0, 0)":[-0.18,3.9054315667871906],"(0, 2, 1, 0, 1, 1)":[-0.03496484608063605,2.3030648995081258],"(0, 1, 4, 1, 0, 0)":[0.43199999999999994,0],"(0, 0, 3, 2, 1, 1)":[1.1134079117138658,0],"(0, 0, 3, 2, 0, 1)":[0.9806864313615897,0],"(0, 0, 1, 2, 0, 1)":[-0.10799999999999998,5.867365540416338],"(0, 0, 0, 3, 1, 0)":[-0.252,0.6793110395045054],"(0, 0, 0, 3, 1, 1)":[-0.03416742809963718,2.0184165061968615],"(1, 0, 1, 0, 0, 1)":[7.703202105597766,-0.2556852660041211],"(0, 1, 2, 0, 1, 1)":[-0.10764476526199315,4.273812697836316],"(1, 0, 0, 0, 1, 1)":[4.518136967083186,-0.16008179694840954],"(0, 1, 2, 1, 0, 1)":[-0.10799999999999998,2.813480399328848],"(0, 1, 1, 2, 1, 0)":[0.5164093728552334,0],"(0, 1, 1, 2, 0, 1)":[-0.036,0.5107661968019369],"(0, 1, 0, 2, 0, 0)":[-0.43199999999999994,1.1783395740006537],"(0, 0, 1, 1, 1, 0)":[-0.1832767745016655,6.482350660351637],"(0, 0, 0, 2, 1, 0)":[-0.36,8.739356681978519],"(1, 0, 2, 0, 0, 1)":[7.907014420521987,-0.18],"(1, 0, 2, 0, 0, 0)":[7.950516857772295,0],"(1, 0, 0, 0, 0, 0)":[7.281266690800676,0.0],"(0, 0, 2, 1, 1, 1)":[-0.13252118396727627,5.4003350007979565],"(0, 0, 1, 1, 1, 1)":[-0.24657271864521546,5.209508754681648],"(1, 0, 4, 0, 0, 0)":[-0.07003917521398424,0.04011055106625864],"(0, 0, 1, 1, 0, 1)":[0,4.039756638566966],"(0, 1, 1, 0, 1, 0)":[0,4.666439073542365],"(0, 1, 3, 0, 0, 0)":[4.293581016987354,-0.1941815635693561],"(1, 0, 1, 0, 0, 0)":[10.237726172569392,0],"(1, 0, 0, 0, 1, 0)":[2.1148485275900635,0],"(0, 1, 2, 0, 0, 0)":[-0.1196330108477647,1.647484140842013],"(0, 2, 0, 0, 1, 0)":[-0.183888,7.385673787329287],"(0, 2, 0, 0, 1, 1)":[-0.288,7.946592694578158],"(1, 0, 0, 0, 0, 1)":[5.804965655225022,-0.5525223419264713],"(1, 0, 1, 0, 1, 0)":[9.00497364742404,0],"(0, 0, 2, 1, 0, 0)":[-0.3170997277046158,4.080693942400672],"(0, 1, 1, 0, 0, 0)":[-0.4640043087644182,3.9636654442621952],"(0, 0, 4, 1, 1, 1)":[3.0827136693163713,0],"(0, 0, 3, 1, 1, 0)":[-0.10146026188673504,1.3617809617318792],"(0, 0, 1, 2, 1, 0)":[-0.10799999999999998,4.240852046297198],"(0, 0, 0, 3, 0, 1)":[-0.072,0.8903187615656609],"(0, 0, 0, 4, 0, 1)":[-0.22351679999999996,0],"(0, 0, 0, 4, 1, 1)":[-0.46799999999999997,0.034284585650837085],"(0, 1, 0, 1, 1, 1)":[-0.10799999999999998,10.682874459312233],"(0, 0, 2, 1, 0, 1)":[-0.3578181538508978,4.21277877300479],"(0, 0, 1, 2, 1, 1)":[-0.288,6.030109091057226],"(0, 1, 3, 0, 0, 1)":[3.159811163704278,0],"(1, 1, 3, 0, 0, 0)":[0.4857466765668358,0],"(0, 1, 1, 1, 1, 1)":[-0.144,6.791617402922565],"(0, 1, 1, 1, 0, 1)":[-0.144,8.187504161379909],"(0, 2, 0, 1, 0, 0)":[-0.21911040000000004,4.323066294316385],"(0, 2, 0, 1, 1, 0)":[-0.576,2.603655761128301],"(0, 2, 0, 1, 1, 1)":[-0.144,2.8465319242794513],"(0, 2, 0, 1, 0, 1)":[-0.07122239999999999,0],"(0, 1, 2, 0, 1, 0)":[-0.1171771486301926,1.7232793474196866],"(0, 0, 3, 1, 1, 1)":[3.250776140666483,0],"(0, 0, 0, 2, 0, 1)":[-0.14128721179339782,7.307894219408029],"(1, 0, 1, 0, 1, 1)":[5.979748762171149,0],"(0, 0, 4, 1, 0, 0)":[1.639200110868781,0],"(0, 0, 5, 0, 1, 1)":[1.1969702801002402,0],"(0, 1, 0, 1, 1, 0)":[-0.46799999999999997,10.34256907064307],"(2, 0, 0, 0, 1, 1)":[0.21917092058950555,0],"(0, 0, 2, 2, 0, 0)":[3.5875298882083104,0],"(0, 0, 1, 2, 0, 0)":[-0.144,5.582645903497411],"(0, 0, 1, 3, 1, 1)":[-0.17801730149994505,0.5219806681784165],"(0, 0, 2, 2, 1, 0)":[1.904409547180964,0],"(1, 1, 0, 0, 1, 0)":[1.09476104512838,0],"(0, 0, 5, 0, 0, 0)":[-0.07508471510888781,-0.1072224],"(0, 1, 3, 0, 1, 0)":[-0.36,1.5028106709017803],"(0, 1, 4, 0, 0, 1)":[-0.252,-0.3166779029664743],"(0, 0, 3, 1, 0, 0)":[6.0984815298551425,-0.3725052762634917],"(0, 1, 2, 0, 0, 1)":[2.9454072612648554,0],"(0, 1, 1, 2, 1, 1)":[-0.10799999999999998,1.1300428015457413],"(0, 1, 1, 3, 1, 0)":[0.144,0],"(0, 1, 0, 3, 1, 0)":[-0.21599999999999997,0],"(0, 1, 0, 3, 0, 1)":[-0.288,0],"(0, 2, 0, 3, 0, 1)":[-0.144,0],"(0, 2, 0, 3, 0, 0)":[-0.18,0.5983106809670588],"(0, 0, 1, 3, 0, 1)":[-0.17554267422822223,0.8926222621249972],"(2, 0, 0, 0, 0, 1)":[1.2448119127007282,0],"(0, 0, 4, 2, 1, 0)":[0.07201809780652456,0],"(0, 2, 2, 0, 1, 1)":[0.7887394390511246,0],"(0, 0, 4, 1, 0, 1)":[-0.10353714796121066,0.5818358514671024],"(0, 1, 0, 1, 0, 0)":[-0.06038717083576847,8.18941551402115],"(2, 0, 0, 0, 0, 0)":[3.05555519225934,0],"(0, 2, 1, 0, 0, 1)":[-0.43199999999999994,5.4836573452677015],"(1, 0, 3, 0, 0, 0)":[3.1112702845517903,0],"(0, 1, 2, 1, 0, 0)":[-0.10799999999999998,4.478020781414507],"(1, 1, 2, 0, 0, 0)":[-0.07023644426185975,1.1152957025602275],"(2, 0, 0, 0, 1, 0)":[0.4148763713822364,-0.32040923702777946],"(0, 3, 1, 0, 1, 1)":[-0.11059199999999998,0],"(0, 3, 0, 0, 0, 1)":[-0.288,0.332357086369925],"(0, 3, 0, 0, 0, 0)":[-0.32399999999999995,0.25116100088212445],"(0, 4, 0, 0, 1, 0)":[0.10799999999999998,0],"(0, 4, 0, 0, 1, 1)":[-0.10799999999999998,0.3146568702178685],"(0, 4, 0, 0, 0, 1)":[-0.5399999999999999,0],"(0, 4, 0, 0, 0, 0)":[-0.288,0],"(0, 4, 0, 1, 0, 0)":[-0.036,0],"(0, 4, 0, 1, 1, 1)":[0.252,0],"(0, 4, 0, 2, 1, 1)":[-0.39599999999999996,0.6005339892310322],"(0, 4, 0, 2, 0, 0)":[-0.10799999999999998,0],"(0, 4, 1, 2, 0, 0)":[0.072,0],"(0, 2, 0, 0, 0, 0)":[-0.10799999999999998,4.653019182640363],"(1, 0, 2, 0, 1, 0)":[8.643884528828465,0],"(0, 2, 2, 0, 0, 0)":[0.6806858268466336,-0.37413751923277855],"(0, 0, 0, 3, 0, 0)":[-0.3814024313328497,-0.11305943186072544],"(1, 0, 2, 0, 1, 1)":[8.056946926746345,0],"(0, 1, 3, 0, 1, 1)":[2.8946601461810024,-0.5517871668520282],"(0, 1, 3, 1, 0, 1)":[0.06241231166437178,0],