{"(0, 0, 0, 0, 0, 0)":[-3.0648214515372674,0.039573513871196314],"(0, 0, 0, 0, 1, 1)":[-0.9998375893696589,-3.79791727893987],"(0, 0, 0, 1, 0, 0)":[-1.5010393640632258,3.9865067151542424],"(0, 0, 0, 1, 1, 0)":[-0.5881088758840511,3.137302972899252],"(0, 0, 0, 0, 0, 1)":[-0.17838806248775108,-4.568817774259073],"(0, 0, 0, 0, 1, 0)":[-2.3177697931196155,0.06924376493598619],"(0, 0, 0, 1, 1, 1)":[-2.1713428878229246,-0.40670099046750285],"(2, 0, 0, 1, 0, 1)":[7.462886812705638,0],"(0, 0, 0, 2, 0, 0)":[-1.0344549436213235,4.9075513061986324],"(0, 0, 0, 4, 1, 0)":[-0.17407409611588448,1.9995216891456702],"(0, 0, 0, 6, 1, 0)":[-0.3255552,0.3233379451221135],"(0, 0, 0, 4, 1, 1)":[-0.33701483748061833,0.948350014166174],"(0, 0, 0, 2, 1, 1)":[-1.1178778251049404,1.5424992807236126],"(0, 0, 0, 2, 1, 0)":[-2.13293385872471,5.630283774886723],"(0, 0, 0, 4, 0, 0)":[-0.5667699163243279,3.6447834830008174],"(1, 0, 0, 0, 0, 1)":[6.740438634118464,-0.6070336198070748],"(1, 0, 0, 1, 0, 1)":[6.297089271071781,0.002601185505362039],"(0, 0, 0, 3, 1, 0)":[-0.395824596127734,2.076329840552298],"(0, 0, 0, 1, 0, 1)":[-1.8747495841419428,0.9029758831680039],"(0, 0, 1, 0, 0, 1)":[5.033045766665083,-0.3730465131993888],"(0, 0, 0, 3, 0, 0)":[-0.9264830277022278,5.02105655143993],"(0, 0, 0, 6, 0, 0)":[-0.08833707837849603,-0.1776672],"(0, 0, 0, 7, 0, 0)":[-0.7719247091197706,0.9625544718916836],"(0, 0, 0, 8, 0, 0)":[-0.09728862229094404,-0.10799999999999998],"(0, 0, 0, 8, 1, 0)":[-0.6706089216,0.05672793600000001],"(0, 0, 0, 9, 1, 0)":[-0.5941991808,0],"(0, 0, 0, 9, 0, 0)":[0.2926665497088,0.5898359554559999],"(0, 0, 0, 8, 0, 1)":[-0.21599999999999997,0],"(0, 0, 0, 7, 0, 1)":[-0.10315918079999999,0.27115199999999995],"(0, 0, 0, 6, 0, 1)":[-0.1784448,0.06489825484896689],"(0, 0, 0, 7, 1, 1)":[0,0.252],"(0, 0, 0, 5, 1, 1)":[-0.04167516789019987,0.5904615382945342],"(0, 0, 0, 5, 0, 0)":[0.06038855656416636,1.5508533333349603],"(0, 0, 0, 4, 0, 1)":[0,2.904876906610548],"(0, 0, 0, 3, 1, 1)":[-0.5214743966304327,1.9466743318067379],"(1, 0, 0, 0, 1, 1)":[6.309442498968854,-0.4304726030445887],"(2, 0, 0, 0, 0, 1)":[8.357470532684783,-0.2874611481079673],"(0, 0, 0, 2, 0, 1)":[-1.3138516289264128,0.9718119158965004],"(0, 0, 0, 7, 1, 0)":[-0.36,0.790901069502636],"(0, 0, 0, 3, 0, 1)":[-0.9908481045514291,2.6774525082698126],"(0, 0, 0, 6, 1, 1)":[-0.32398187845278686,-0.17172166158563187],"(0, 0, 0, 5, 1, 0)":[-0.35493517348201264,1.923162379924285],"(0, 1, 0, 2, 0, 0)":[0,9.226474305658655],"(0, 0, 0, 8, 1, 1)":[0,0.5286050150157053],"(1, 0, 0, 6, 0, 0)":[0.28727598694511647,0],"(1, 0, 0, 2, 0, 1)":[6.68380632878133,0],"(3, 0, 0, 1, 0, 1)":[1.127073670848576,-0.42650348547142625],"(2, 0, 0, 0, 1, 1)":[9.243519229873085,-0.10604404139628472],"(1, 0, 0, 1, 1, 1)":[6.509799614782503,-0.014196095205258247],"(0, 1, 0, 1, 1, 0)":[-0.21599999999999997,9.926221678325119],"(0, 1, 0, 2, 1, 0)":[-0.012970779356912765,10.446578751596734],"(0, 0, 1, 0, 1, 1)":[6.3656282490375204,-0.39599999999999996],"(1, 0, 0, 0, 0, 0)":[-0.5159858174951342,2.0089775495794866],"(2, 0, 0, 1, 0, 0)":[-0.21526907234149334,1.190238598095524],"(1, 0, 0, 1, 0, 0)":[-0.242413177377097,4.841117672493103],"(1, 0, 0, 1, 1, 0)":[-0.02133733069269722,5.1158064890107],"(0, 0, 1, 1, 1, 1)":[6.008399551757525,-0.14116107643043097],"(0, 0, 1, 1, 0, 1)":[6.319961530385088,-0.20970285058348775],"(0, 0, 2, 0, 1, 1)":[6.862633244126583,0],"(1, 0, 1, 0, 0, 1)":[11.890448939652268,0],"(0, 0, 2, 1, 1, 0)":[-0.35595605051788665,1.436185849926026],"(0, 1, 0, 0, 0, 0)":[-0.08657838981559994,7.023889848801091],"(1, 0, 0, 2, 1, 1)":[5.512625129083117,0],"(0, 1, 0, 0, 1, 0)":[-0.288,5.8880027898697245],"(1, 0, 0, 0, 1, 0)":[-0.5313646454991126,2.1496461411489407],"(0, 0, 1, 0, 1, 0)":[-1.42122063294912,2.024697432027597],"(1, 0, 0, 3, 1, 0)":[-0.24626221291545464,6.014314772587315],"(0, 1, 0, 1, 0, 0)":[-0.10276234174126439,9.175621122115878],"(0, 1, 0, 3, 0, 1)":[-0.24813234756474195,0.2918283237909096],"(1, 0, 0, 2, 1, 0)":[-0.288,5.8645769691437595],"(0, 0, 1, 3, 1, 0)":[-0.09128654423863583,3.366648081232486],"(0, 0, 1, 4, 1, 1)":[1.4471793062653924,0],"(0, 0, 1, 2, 1, 1)":[6.481087963439996,0],"(0, 0, 1, 1, 1, 0)":[-0.1724826462015158,5.589240269193471],"(0, 0, 1, 1, 0, 0)":[-0.14691789511873798,6.23525217116582],"(0, 2, 0, 0, 0, 0)":[-0.255888,2.9197995892806796],"(0, 2, 0, 0, 1, 0)":[-0.03693197870979846,0.0657537902414917],"(0, 2, 0, 2, 1, 0)":[-0.39599999999999996,0.9137833676163835],"(0, 2, 0, 2, 0, 0)":[-0.36,3.7382776084852436],"(0, 0, 1, 2, 0, 0)":[-0.32943144847665834,6.63349235795298],"(1, 0, 0, 3, 0, 0)":[-0.10221986972725908,4.029945769670465],"(2, 0, 0, 3, 0, 1)":[1.2451732864804974,-0.3537156357257114],"(0, 0, 1, 3, 1, 1)":[4.197581330491443,0],"(0, 1, 0, 3, 0, 0)":[-0.21599999999999997,8.117446073440911],"(0, 0, 1, 0, 0, 0)":[-0.4982916733689693,0.48333614670202796],"(0, 1, 0, 1, 1, 1)":[3.6555604547969973,0],"(0, 1, 0, 0, 0, 1)":[-0.7311440420261597,-0.24063672167303007],"(1, 1, 0, 0, 0, 1)":[-0.0312598642488694,2.4767832394821756],"(1, 0, 0, 2, 0, 0)":[-0.2879116284058054,5.351256175845183],"(0, 0, 2, 1, 0, 0)":[-0.37684263676572766,0.15212127568977873],"(0, 1, 0, 1, 0, 1)":[3.4476010796455245,0],"(1, 0, 1, 0, 1, 1)":[11.501738667055834,0],"(0, 1, 0, 0, 1, 1)":[3.6721600693919187,-0.1584519167909083],"(0, 2, 0, 1, 0, 0)":[-0.46799999999999997,3.783041502279918],"(0, 0, 1, 2, 0, 1)":[4.6658363594857395,-0.048482574225494346],"(1, 0, 0, 3, 0, 1)":[3.9192222098708482,0],"(2, 0, 0, 1, 1, 1)":[8.125175852108043,0],"(0, 0, 2, 0, 0, 1)":[6.784593808220778,0],"(0, 0, 2, 1, 0, 1)":[5.364365325769905,-0.9393317456620112],"(0, 0, 2, 2, 1, 1)":[3.75363263517987,0],"(1, 0, 1, 1, 0, 1)":[9.405839442477214,0],"(0, 0, 2, 1, 1, 1)":[6.3912601288718545,0],"(0, 0, 1, 3, 0, 0)":[-0.20879805412497054,2.2931211155349756],"(1, 0, 1, 1, 1, 1)":[7.993200397013248,0],"(2, 0, 0, 0, 0, 0)":[-0.8144884809991026,0.6601582373424939],"(1, 0, 2, 0, 0, 1)":[3.1119036765509813,0],"(1, 0, 1, 2, 0, 0)":[0.9847467966708809,0],"(1, 0, 2, 2, 0, 0)":[-0.05111472322767575,0],"(0, 1, 0, 3, 1, 0)":[-0.11411296859080217,7.386702722372342],"(0, 0, 1, 3, 0, 1)":[3.231786338592394,-0.3436698256950839],"(1, 0, 1, 0, 0, 0)":[1.6048628984662865,-0.1438971340002137],"(0, 1, 0, 4, 1, 0)":[-0.288,2.7784526484731664],"(0, 1, 0, 4, 0, 0)":[-0.504,3.3998182367812184],"(0, 2, 0, 4, 0, 0)":[-0.36,0.5873452506201708],"(0, 2, 0, 5, 1, 0)":[0.036,0],"(0, 2, 0, 6, 1, 0)":[-0.43199999999999994,0],"(0, 2, 0, 7, 0, 0)":[-0.32399999999999995,0.326120256],"(2, 0, 1, 1, 0, 1)":[2.6419261623183,0],"(0, 0, 1, 2, 1, 0)":[-0.24990351918862155,5.1505883752262145],"(1, 0, 0, 3, 1, 1)":[5.6589793264644355,0],"(0, 1, 0, 2, 0, 1)":[1.7765091156061354,0],"(1, 1, 1, 1, 1, 1)":[0.5948787949578482,0],"(2, 1, 0, 2, 1, 0)":[0.2859762706369741,0],"(1, 1, 0, 0, 0, 0)":[-0.12545540807745534,3.376267188059789],"(3, 0, 0, 0, 1, 1)":[3.9603666230695307,0],"(1, 1, 0, 0, 1, 1)":[5.705270399351095,0],"(2, 0, 0, 2, 1, 1)":[4.505908229934552,0],"(1, 0, 1, 2, 1, 1)":[5.58495235442691,0],"(2, 0, 0, 0, 1, 0)":[-0.38881258660827145,1.1678620218964744],"(1, 0, 1, 2, 0, 1)":[3.7441901045411656,0],"(0, 0, 1, 4, 1, 0)":[-0.17584037283172765,2.6280342976460545],"(1, 0, 1, 4, 0, 0)":[0.8265704420153469,0],"(0, 1, 0, 2, 1, 1)":[-0.1653177770596153,2.6442147505801916],"(0, 0, 2, 0, 0, 0)":[-0.17549078015932054,0.18727057264968286],"(2, 0, 1, 0, 0, 1)":[4.803877014119645,0],"(1, 1, 0, 0, 1, 0)":[-0.11988229148843174,1.9232141861156251],"(2, 1, 0, 0, 0, 0)":[-0.36,0],"(1, 1, 0, 2, 1, 0)":[0.4079277557225743,0],"(2, 0, 0, 2, 1, 0)":[-0.12134004372773038,1.7323654038819005],"(0, 0, 3, 0, 0, 1)":[1.2992503585933912,0],"(2, 0, 0, 2, 0, 1)":[4.312182294692835,0],"(1, 1, 0, 1, 1, 0)":[0.8175260045554866,0],"(2, 0, 0, 3, 0, 0)":[-0.11665042034813036,0.2255003264436923],"(1, 0, 1, 4, 1, 1)":[0.505826300415403,0],"(3, 0, 0, 0, 0, 1)":[6.245279655075712,0],"(1, 0, 0, 4, 1, 0)":[-0.288,2.9727501842907826],