{"(3, 3, 3, 3)":[-7.1203677141884425,-3.0265801313753578],"(3, 3, 3, 6)":[-5.311484345278953,-2.8084713113519983],"(3, 3, 6, 3)":[-2.272820510711437,-6.6288685332233745],"(6, 3, 6, 3)":[-1.9146551935334029,-5.886317321554189],"(3, 3, 9, 3)":[-2.197860310202976,-3.6973000456734684],"(3, 6, 9, 3)":[-0.7443294120235147,-1.5868483590464355],"(3, 6, 6, 3)":[-0.10492966377780871,-4.505018870548226],"(3, 6, 3, 3)":[-6.088254621604706,-2.3243174440283907],"(3, 6, 6, 6)":[-2.0710078734060957,-3.0016743951659697],"(3, 6, 3, 6)":[-5.947871092737946,-2.5795160585399923],"(3, 3, 6, 6)":[-4.590471951136722,-0.7957927785494516],"(6, 6, 3, 3)":[-4.123037376383441,-0.2734204705214749],"(6, 3, 3, 3)":[-4.007518692678233,-6.674918457774252],"(3, 6, 3, 9)":[-1.768461996,-0.5270112261932872],"(3, 3, 3, 9)":[-3.742895945505434,-0.298712540633947],"(6, 9, 3, 3)":[-1.993004053050644,-3.4292494995753824],"(3, 9, 3, 3)":[-3.9639527713725746,-1.6682278605950223],"(6, 3, 3, 6)":[-4.353257792879919,-0.905097264541112],"(6, 6, 3, 6)":[-2.3437899773722193,-1.447637949734932],"(9, 3, 6, 3)":[0.9735957336883179,-2.332862851085548],"(9, 6, 6, 3)":[-0.7220500567716412,0.11579867964110385],"(6, 6, 6, 3)":[0.27037892176232914,-2.612477666463992],"(6, 3, 6, 6)":[-0.6138848500707561,-2.751406181391262],"(3, 9, 3, 6)":[-3.307255467444324,-1.5571811550897585],"(3, 9, 3, 9)":[-1.5534744404382481,0.016105792627923887],"(6, 3, 9, 3)":[-0.5923620670801059,-2.2077322617987885],"(9, 3, 3, 3)":[-0.4520423822762568,-3.4315849452456826],"(9, 6, 3, 3)":[-0.8769970334075394,0.8126333192456554],"(3, 9, 6, 3)":[-2.6333766286578477,-3.4862955721945577],"(3, 3, 9, 6)":[-1.3704096586816064,0.4771769159700584],"(9, 3, 9, 3)":[1.2156258977644447,-0.138],"(6, 3, 9, 6)":[-0.06460951397542136,-0.3543857200688703],"(6, 6, 9, 3)":[0.6897349892875952,0],"(9, 3, 3, 6)":[-1.4158540235674602,-2.821424921724489],"(6, 6, 6, 6)":[2.915475034929078,-0.2679516788505333],"(6, 9, 6, 3)":[-2.271969242128794,-1.0248947622579234],"(6, 9, 3, 6)":[-0.8697272232258979,0.3521885442482487],"(3, 9, 6, 6)":[0.6590927551863347,-0.6191314070058809],"(9, 6, 3, 6)":[-0.047162503851600535,-0.14385111686384267],"(3, 3, 6, 9)":[2.307666041189781,-1.860882244188716],"(3, 6, 6, 9)":[1.366364523603188,0],"(6, 3, 3, 9)":[0.43774743213611683,-2.2655088911660095],"(6, 6, 3, 9)":[1.538788412991831,0],"(9, 9, 3, 3)":[0.3532201636822166,0],"(6, 9, 3, 9)":[0.13817317890902026,0],"(6, 3, 6, 9)":[-0.5045138989945744,-0.08812454967352389],"(9, 3, 6, 6)":[-0.1364226882953159,-0.8951547436431273],"(9, 3, 3, 9)":[0.3484496530616317,-0.6313852678995432],"(3, 6, 9, 6)":[-0.04218630975260223,0.04493086630970795],"(6, 6, 9, 6)":[0.4105806913785542,0],"(6, 9, 6, 6)":[0.13215662248013427,0],"(3, 9, 6, 9)":[-0.29193526484625965,0.5034945384896236],"(9, 6, 6, 6)":[0.2353495276906661,0],"(6, 6, 6, 9)":[0.3338431717557057,0],"(9, 6, 9, 3)":[-0.5488409237923512,-0.5650872926101205]}