{"(0, 0, 0, 0, 0)":[-3.983108036310019,-0.3754490569422801],"(0, 0, 0, 1, 1)":[-3.311948731555586,1.264077383833487],"(0, 0, 0, 0, 1)":[-1.2605553686402344,-5.014977726734822],"(0, 2, 0, 1, 1)":[-0.175804575696478,5.029291401393599],"(0, 2, 0, 0, 0)":[-1.1000824470673345,3.520219670968878],"(0, 2, 0, 0, 1)":[-2.4809647370052197,0.9253517042458079],"(0, 1, 0, 0, 0)":[-0.30244386168711246,4.112161461909775],"(0, 3, 0, 0, 0)":[-0.24230602763664763,3.9854032478852317],"(0, 4, 0, 0, 1)":[-0.45506807535548693,1.0591778851181168],"(0, 4, 0, 0, 0)":[-0.3654251484009431,3.3419643851347054],"(0, 3, 1, 0, 1)":[1.7768361919853524,-0.5145561845939433],"(0, 3, 0, 1, 1)":[-0.46799999999999997,4.351288950091528],"(0, 0, 0, 1, 0)":[-0.8669267121706166,4.110882069181649],"(0, 3, 1, 1, 1)":[0,2.8483024384307036],"(1, 0, 2, 0, 0)":[2.9702736327836563,-0.072],"(1, 0, 2, 0, 1)":[11.125429606806513,0],"(0, 1, 0, 1, 0)":[-1.0939032867080813,8.714076732080422],"(0, 0, 1, 0, 1)":[3.2941045155822386,-1.253691908741459],"(0, 1, 0, 0, 1)":[-3.9230136519407193,-0.24711948370811657],"(0, 1, 1, 0, 0)":[-0.20053558410463193,3.9037874668296237],"(0, 2, 1, 0, 1)":[4.604984511670593,-0.07443618302561428],"(0, 2, 2, 0, 0)":[-0.2525184,5.646562881442547],"(0, 0, 0, 2, 1)":[-1.1739829198974563,1.8862130383391635],"(0, 1, 0, 2, 0)":[0,9.101325258057463],"(0, 0, 2, 0, 0)":[1.34109966921091,-1.1687507387772729],"(0, 0, 2, 0, 1)":[5.976668553156744,-0.2914707348574536],"(0, 1, 0, 2, 1)":[-0.22968661400407753,3.724297444038955],"(0, 1, 1, 2, 1)":[0,4.026351505544063],"(0, 0, 4, 0, 0)":[-0.21599999999999997,0],"(0, 1, 1, 1, 1)":[4.957110691645125,0],"(1, 2, 0, 1, 0)":[-0.288,9.303021854547831],"(0, 2, 0, 1, 0)":[0.33775625715859287,8.368467808443699],"(0, 3, 2, 1, 0)":[-0.21599999999999997,1.360135659644994],"(0, 3, 2, 1, 1)":[0,0.288],"(0, 1, 2, 0, 0)":[1.759807126010028,-0.32464348076500166],"(0, 3, 0, 0, 1)":[-1.8535320276359148,1.8592633954817184],"(0, 1, 0, 1, 1)":[-0.4749862074353006,3.482584399080771],"(0, 2, 0, 2, 0)":[-0.07783668463435767,9.920600160682513],"(0, 2, 0, 3, 1)":[0.22376237931172413,0],"(0, 3, 0, 3, 1)":[-0.10799999999999998,0.19880789554821493],"(0, 4, 0, 3, 1)":[-0.8111519999999999,0],"(0, 5, 0, 3, 0)":[0.036,0],"(0, 5, 0, 3, 1)":[-0.21599999999999997,0.18],"(0, 5, 0, 2, 0)":[0,1.3934570761163616],"(0, 4, 0, 1, 0)":[0,7.219973349239963],"(0, 0, 1, 0, 0)":[-3.235365020877891,-1.8472456255704885],"(1, 0, 0, 0, 0)":[1.0703577523967145,-1.9325470198940837],"(0, 0, 0, 3, 0)":[0,4.913624107734736],"(0, 1, 0, 3, 1)":[-0.18,2.298934361627213],"(0, 0, 1, 1, 0)":[-0.3419168664947241,6.040031522205128],"(0, 3, 0, 1, 0)":[-0.6200281286589167,7.453518542027813],"(0, 1, 1, 0, 1)":[5.011094303587425,-0.5678392236026553],"(0, 2, 1, 1, 1)":[0,4.239702448768354],"(0, 2, 2, 0, 1)":[4.077844497500761,0],"(0, 3, 1, 0, 0)":[-0.13064245632981913,6.899191786814039],"(0, 2, 1, 1, 0)":[-0.278287640044362,10.51516084424698],"(1, 0, 1, 0, 1)":[10.21535051980324,-0.072],"(1, 0, 1, 0, 0)":[5.750123333188797,0],"(0, 0, 2, 1, 1)":[6.952841735639238,-0.20627084585645142],"(0, 0, 4, 0, 1)":[3.963125259526178,-0.144],"(0, 0, 0, 2, 0)":[-0.3227436406886181,5.7899972638932695],"(0, 2, 0, 2, 1)":[-0.288,8.17033590696285],"(0, 3, 0, 2, 1)":[-0.576,1.7398070861475377],"(0, 4, 0, 2, 1)":[-0.21599999999999997,0.5396536483167615],"(0, 4, 0, 2, 0)":[0,7.4207376060161],"(0, 0, 1, 1, 1)":[4.527176087287517,0.2565744454991245],"(0, 0, 3, 0, 0)":[3.48430251583028,-0.27822504959999994],"(0, 0, 3, 0, 1)":[4.072762096943414,-0.14476421156685054],"(0, 0, 2, 1, 0)":[2.5360293515959746,-0.25074966424241313],"(1, 0, 0, 0, 1)":[6.851950027757801,-0.003844805763765237],"(2, 0, 0, 0, 0)":[1.027482384502989,-0.1794816],"(0, 1, 3, 0, 1)":[4.7148181656404216,-0.2222679399381447],"(1, 0, 0, 1, 1)":[7.378162522868687,-0.4850145222038771],"(0, 1, 1, 1, 0)":[-0.026592046455451962,9.564178586459294],"(1, 0, 0, 2, 1)":[4.965333581622373,-0.2577433250618827],"(1, 1, 0, 3, 0)":[-0.10799999999999998,2.706122343605732],"(0, 1, 0, 4, 0)":[-0.3330719999999999,5.335011565814289],"(0, 1, 0, 4, 1)":[-0.46799999999999997,0.44985600000000003],"(0, 3, 0, 4, 1)":[-0.36,0.1101106458202841],"(0, 3, 0, 4, 0)":[-0.39599999999999996,0.43044479999999996],"(0, 1, 2, 2, 1)":[0,0.30648884896894735],"(0, 4, 0, 1, 1)":[-0.2745365606705092,1.428337328598437],"(2, 2, 0, 0, 0)":[0.6336191361693708,0],"(1, 3, 0, 0, 0)":[-0.20580851509844067,3.221762800950625],"(0, 1, 3, 0, 0)":[0.9762494276250391,0],"(0, 0, 2, 2, 1)":[2.155516721038239,-0.38279417268824745],"(0, 0, 1, 2, 0)":[-0.1945758056026763,9.15297150632989],"(0, 0, 1, 3, 1)":[-0.39599999999999996,0.9729850889229339],"(0, 0, 0, 4, 0)":[-0.14082448539360112,2.528763402704774],"(0, 0, 1, 4, 0)":[-0.21599999999999997,0],"(0, 0, 0, 4, 1)":[-0.32399999999999995,0],"(0, 0, 0, 3, 1)":[-0.10963186326678086,2.5470205604021228],"(1, 1, 0, 0, 0)":[-0.32107573476801793,3.6843544075651384],"(0, 1, 2, 0, 1)":[6.116678359911199,-0.2801743103823984],"(2, 2, 1, 0, 1)":[1.4912127703690183,-0.036],"(2, 1, 1, 0, 1)":[2.0183170326706246,0],"(0, 2, 1, 0, 0)":[-0.2302774090751887,4.1428152379292],"(0, 4, 1, 0, 0)":[-0.28008969087720303,3.434778771409073],"(0, 4, 2, 0, 1)":[0.8480322065572221,-0.40191098320140356],"(1, 1, 0, 0, 1)":[5.614604709704961,-0.576],"(1, 2, 0, 0, 0)":[-0.1864958382390297,3.4654395335852066],"(0, 1, 2, 1, 1)":[7.618292662147996,0],"(1, 0, 0, 1, 0)":[-0.26832761478671097,7.8082664833720825],"(1, 0, 1, 1, 0)":[0.3877031984375109,-0.3965479098083811],"(0, 0, 1, 2, 1)":[1.7516391692767799,-1.0428471327694258],"(2, 0, 0, 0, 1)":[5.064729683279436,0],"(1, 1, 1, 0, 1)":[8.457408953057294,0],"(0, 1, 1, 2, 0)":[-0.27255125908671696,10.320067578191606],"(1, 4, 0, 1, 0)":[-0.28540620094464,1.6505143881387228],"(1, 3, 1, 0, 1)":[0.6251586767686609,0],"(1, 0, 0, 2, 0)":[-0.21599999999999997,7.963567066388919],"(2, 1, 0, 2, 0)":[-0.10774016048762736,0.33398116783199894],"(0, 3, 0, 2, 0)":[-0.072,7.612325870544205],"(1, 1, 0, 1, 1)":[8.201513923397753,0],"(2, 0, 0, 1, 1)":[3.977361973129014,0],"(1, 2, 0, 0, 1)":[2.683590752574496,-0.17782281292428986],"(2, 1, 0, 0, 1)":[4.999020371421967,-0.44159256887116294],"(1, 2, 1, 0, 1)":[7.474355993659773,-0.2826203389601664],"(1, 2, 2, 0, 1)":[2.144524166993125,0],"(2, 0, 1, 0, 1)":[2.340070142526043,-0.576],"(0, 2, 2, 2, 0)":[-0.18207359999999995,0.5002827219524488],"(0, 2, 1, 2, 0)":[-0.08611819297232776,9.5421860718522],"(0, 2, 2, 1, 0)":[-0.10349264248732704,5.092207821617807],"(0, 1, 0, 3, 0)":[-0.21599999999999997,6.4866460996211135],"(0, 2, 0, 4, 0)":[-0.39496319999999996,0.04297250051430085],"(1, 3, 0, 1, 1)":[-0.144,0.40954237952738587],"(1, 4, 0, 1, 1)":[0.10929599999999999,0],"(0, 2, 0, 4, 1)":[-0.46799999999999997,0],"(0, 4, 1, 1, 1)":[0.5655674348190363,0],"(0, 5, 0, 1, 0)":[-0.10799999999999998,-0.05756006064932666],"(1, 1, 1, 0, 0)":[3.8912014617841906,0],"(1, 1, 0, 2, 0)":[-0.06256127195741956,4.666292847339352],"(0, 2, 0, 3, 0)":[-0.46799999999999997,7.582789887939374],"(0, 3, 0, 3, 0)":[-0.21599999999999997,2.6072839810377992],"(0, 3, 1, 3, 1)":[0.072,0],"(3, 1, 0, 0, 1)":[3.1080974489497133,0],"(0, 1, 2, 1, 0)":[1.0693286391142394,0],"(0, 4, 1, 0, 1)":[-0.17430958166837798,-0.028021987810696397],"(0, 3, 1, 1, 0)":[-0.07807169942191322,8.146416341770339],"(0, 3, 2, 0, 0)":[-0.05873264916411983,3.8100593574665838],"(0, 4, 1, 1, 0)":[-0.288,4.5868719443831845],"(1, 1, 0, 1, 0)":[-0.308473160125538,7.449903246938911],"(0, 2, 1, 2, 1)":[1.201946877998061,0],"(3, 0, 0, 0, 1)":[4.124167828344903,0],"(2, 1, 0, 0, 0)":[-0.15563401978746744,1.8988570347590028],"(1, 1, 2, 0, 1)":[9.718358204885607,0],"(1, 0, 3, 0, 1)":[5.834126999490388,0],"(1, 1, 0, 2, 1)":[0.9101994432153617,0],"(1, 2, 0, 2, 0)":[0.6844742245304901,0],"(1, 2, 1, 1, 1)":[2.361928573798758,0],"(0, 0, 3, 1, 1)":[4.289978780674436,0],"(2, 3, 0, 1, 0)":[-0.43055612834560075,0.299991547105745],"(0, 2, 2, 1, 1)":[2.0512472100198997,0],"(0, 3, 2, 2, 0)":[0.07408936910492042,0],