{"(0, 0, 0, 0, 0)":[-2.3477236940421835,-4.493554816200285],"(1, 0, 0, 1, 1)":[-0.795228337818667,3.6600802114772946],"(1, 0, 0, 0, 0)":[3.0490230348086977,-1.5077745311412967],"(0, 0, 0, 1, 1)":[-0.4485833885282163,2.45719283603627],"(1, 0, 0, 0, 1)":[1.5423610107718027,-3.3390651437880634],"(0, 1, 0, 3, 0)":[-0.49780519745447516,3.437763406532311],"(0, 1, 0, 4, 0)":[-0.388084032,2.0099189058193194],"(0, 1, 0, 4, 1)":[-0.31622399999999995,6.180786557721673],"(0, 1, 0, 5, 0)":[-0.576,0.1557082540625642],"(0, 0, 0, 4, 0)":[-2.1275293587682804,-0.867797357437402],"(0, 0, 0, 1, 0)":[-3.3465800320604835,0.7847513309444156],"(0, 0, 0, 2, 0)":[-2.974705522068012,-1.4526058675165425],"(0, 1, 0, 0, 1)":[-2.447955000109741,1.9193203711020421],"(2, 0, 0, 0, 1)":[2.494057040143635,-1.438074826869547],"(0, 0, 0, 0, 1)":[-4.183124503592867,-0.5521245731356645],"(0, 0, 0, 2, 1)":[0.06328983663301857,3.6538779776292016],"(0, 0, 0, 3, 0)":[-2.6351329054677857,-1.1356857038589774],"(1, 1, 0, 5, 1)":[-0.144,0.36],"(1, 0, 0, 4, 0)":[3.103390198536755,0],"(0, 0, 0, 4, 1)":[-0.4921288722432,3.443496887020364],"(0, 0, 0, 5, 1)":[-0.41515199999999997,1.8398215800703517],"(1, 0, 0, 6, 0)":[0.288,0],"(0, 0, 0, 6, 1)":[-1.1059488483839999,1.5000593549170536],"(0, 0, 1, 5, 0)":[0.43329599999999996,0],"(0, 0, 0, 7, 1)":[0,0.288],"(0, 0, 0, 6, 0)":[-0.002073599999999995,0.19259856803099387],"(0, 1, 0, 3, 1)":[-0.6404309814187746,7.1844130138614615],"(0, 1, 0, 2, 0)":[-0.40256524800000004,1.158376484218779],"(1, 1, 0, 3, 1)":[-0.36,11.06019227555131],"(2, 1, 0, 3, 1)":[0,3.1254119053682015],"(2, 0, 0, 1, 0)":[5.738386128601447,-0.9443632682424042],"(2, 0, 0, 0, 0)":[5.495150518778474,-0.9687448676221093],"(0, 0, 0, 3, 1)":[-1.7229150141442822,3.2381191141643506],"(1, 0, 0, 1, 0)":[3.9214289753128813,0.18801063845731714],"(0, 2, 0, 1, 1)":[0.2913650819250034,8.802254186209666],"(1, 0, 0, 2, 0)":[4.589419084655763,-0.11805533132596563],"(1, 1, 0, 0, 0)":[5.869443148189728,-0.7173060800105714],"(0, 2, 0, 4, 0)":[-0.322704,-0.06386774304173894],"(1, 2, 0, 4, 1)":[0.01085457187905059,0.0],"(1, 2, 0, 3, 0)":[0,1.5097149592252586],"(0, 2, 0, 2, 0)":[-0.3887210390906221,2.467448975939115],"(0, 2, 0, 0, 1)":[-0.27903825804625393,6.63017418741298],"(0, 2, 0, 0, 0)":[-1.601053738971669,0.3816010983428264],"(1, 2, 0, 0, 0)":[3.6164408218959703,-0.33806869957281377],"(1, 3, 0, 0, 1)":[0,2.7136234292340617],"(1, 0, 0, 3, 0)":[3.8667073570753803,-0.5507483199318344],"(1, 0, 0, 3, 1)":[-0.18189091413183628,4.796583885068003],"(1, 0, 1, 1, 1)":[4.3784491217192025,-0.4530875434952134],"(1, 0, 1, 0, 0)":[9.06178367455718,0.3500456947440431],"(0, 0, 1, 0, 1)":[2.989964757698945,-2.353529461881724],"(0, 1, 1, 1, 1)":[0,8.516578133362877],"(0, 0, 1, 0, 0)":[5.720122504335325,-0.5347323312379465],"(1, 0, 1, 1, 0)":[10.430199782204038,0.144],"(0, 1, 0, 0, 0)":[0.8997458596159551,-1.8813608473508006],"(0, 1, 0, 2, 1)":[-0.944068709986668,8.117860727337598],"(0, 2, 0, 2, 1)":[0.10964414064300956,8.50931974513303],"(0, 3, 0, 3, 1)":[-0.11836799999999997,2.583638910910857],"(0, 3, 0, 3, 0)":[-0.36,0.46786323832309984],"(0, 3, 0, 4, 1)":[-0.49622399999999994,0.3367567101494499],"(0, 3, 0, 4, 0)":[0.025631999999999988,0],"(0, 4, 0, 4, 0)":[-0.288,0],"(0, 4, 0, 4, 1)":[-0.252,0],"(0, 5, 0, 4, 0)":[-0.24306796799999997,0],"(0, 5, 0, 5, 0)":[-0.21599999999999997,0],"(0, 5, 0, 6, 0)":[-0.21599999999999997,0],"(0, 5, 0, 7, 1)":[-0.252,0],"(0, 5, 0, 8, 1)":[0,0.18],"(0, 4, 0, 7, 0)":[0,0.18],"(1, 1, 0, 4, 1)":[0,2.3891381032976655],"(1, 0, 0, 4, 1)":[-0.39677759999999995,4.51005856841191],"(1, 0, 0, 5, 1)":[-0.21010206993628527,0.2533301165656242],"(0, 1, 0, 5, 1)":[-0.43199999999999994,1.2567634613617646],"(0, 2, 0, 6, 0)":[0.18,0],"(0, 2, 0, 7, 0)":[-0.288,0],"(0, 2, 0, 7, 1)":[-0.470677248,0.04973230651588377],"(0, 2, 0, 9, 0)":[0,0.10799999999999998],"(0, 0, 0, 8, 1)":[-0.11498347007999998,0],"(0, 1, 0, 8, 0)":[-0.144,0],"(0, 1, 0, 9, 1)":[-0.36,0.0],"(0, 0, 0, 8, 0)":[0.5196772601856001,0],"(1, 0, 0, 8, 1)":[-0.46799999999999997,0],"(1, 0, 0, 9, 0)":[-0.18,0],"(0, 0, 0, 9, 1)":[0,0.10918908684287999],"(1, 0, 0, 6, 1)":[-0.21548159999999997,0],"(0, 1, 0, 1, 0)":[1.2939080349108942,-0.3208536763639068],"(0, 0, 1, 1, 0)":[6.6227079146762,0],"(1, 0, 0, 2, 1)":[-0.4970404407975869,3.8171461635375064],"(1, 1, 0, 0, 1)":[0.19006393878032574,3.592858296566337],"(3, 0, 0, 0, 1)":[2.9891378711011547,-0.20141823515932925],"(0, 1, 1, 0, 1)":[-0.19495434747653095,3.1860473342994835],"(0, 0, 1, 1, 1)":[-0.5178158592265635,2.442094518841196],"(2, 0, 0, 1, 1)":[-0.5756891424322812,2.3927254210514115],"(2, 1, 0, 0, 1)":[-0.28715288753484125,3.948981428350081],"(0, 3, 0, 0, 0)":[-0.504,1.028947759251687],"(0, 3, 0, 1, 0)":[-0.576,0.3552292861490256],"(1, 3, 0, 4, 1)":[-0.06992639999999999,0],"(1, 1, 0, 4, 0)":[1.2506668002476962,-0.18],"(3, 0, 0, 0, 0)":[2.8678711392089586,0],"(1, 1, 0, 1, 1)":[-0.07141622202926812,9.68477659227568],"(1, 1, 0, 1, 0)":[6.297422768754231,-0.24976577990179805],"(0, 2, 0, 1, 0)":[-1.0297130630500564,3.2766342488126963],"(0, 3, 0, 1, 1)":[-0.46799999999999997,9.464907023137133],"(0, 0, 1, 2, 0)":[6.370604652617599,0],"(0, 1, 0, 1, 1)":[-0.5093075949654933,5.362693892047582],"(1, 2, 0, 2, 0)":[-0.06552,0.7605087573791594],"(0, 3, 0, 2, 0)":[-0.073296,0],"(0, 3, 0, 2, 1)":[-0.245893248,9.48510892802603],"(0, 2, 0, 4, 1)":[-0.11111039999999997,6.354166251830988],"(1, 0, 1, 0, 1)":[7.209770415889351,0],"(0, 0, 1, 2, 1)":[0,4.87259420153227],"(2, 0, 0, 2, 0)":[2.9865412750061826,0],"(1, 2, 0, 0, 1)":[0.2904820992,6.833477830658986],"(0, 4, 0, 2, 0)":[0.0,0],"(0, 4, 0, 3, 1)":[-0.18,0.742223686635544],"(1, 2, 0, 3, 1)":[-0.11110491032335808,1.852922688712068],"(0, 1, 1, 0, 0)":[5.8550670940955305,-0.520474642274154],"(0, 2, 0, 3, 1)":[-0.1881451008,8.749077473149546],"(0, 2, 0, 3, 0)":[-0.072,2.186526560639202],"(0, 0, 2, 0, 1)":[3.5411251223466786,-0.32399999999999995],"(1, 1, 0, 2, 0)":[4.586169996166373,-0.30494272792569077],"(1, 2, 0, 2, 1)":[-0.17974079999999998,7.362319502785718],"(2, 1, 0, 1, 1)":[1.4938926605913305,0],"(1, 2, 0, 1, 0)":[5.846493147604397,0],"(0, 0, 2, 0, 0)":[6.6843027462782345,0],"(0, 1, 1, 2, 1)":[-0.28364951053029136,7.87148174425749],"(2, 1, 0, 0, 0)":[5.799839862621419,0],"(0, 0, 2, 3, 0)":[-0.18,0.853449878064619],"(0, 0, 1, 4, 0)":[-0.20945909261430598,0.2012362327709482],"(2, 0, 0, 2, 1)":[-0.16705728078276355,6.532044759250262],"(2, 2, 0, 0, 0)":[2.0590902793002326,-0.4685133887941869],"(1, 0, 1, 2, 1)":[2.7111047877078023,0],"(0, 2, 1, 0, 0)":[2.411412946805437,-0.458370605043733],"(1, 3, 0, 2, 0)":[0.21680850079760403,0],"(0, 1, 2, 0, 0)":[4.392679842680375,0],"(0, 3, 0, 0, 1)":[-0.5171817198188666,5.81229817672187],"(1, 1, 0, 2, 1)":[-0.07955630140531483,8.726713990784871],"(1, 0, 1, 3, 1)":[0.1213495969255131,-0.24925355339652777],"(2, 0, 1, 0, 1)":[4.90860616038666,0],"(1, 0, 2, 0, 0)":[11.340471103875284,0],"(1, 1, 1, 0, 0)":[10.091607543944122,0],"(0, 1, 2, 1, 1)":[1.4491706788342604,0],"(1, 1, 1, 0, 1)":[2.1233657569824165,0],"(2, 0, 1, 0, 0)":[9.69984134500052,0],"(1, 2, 0, 1, 1)":[-0.42129643798397376,6.440224095530986],"(3, 1, 0, 0, 0)":[-0.17217219846519802,0.46988173196449345],"(2, 0, 0, 4, 0)":[-0.8867689687390943,-0.6777179167410414],"(0, 3, 1, 0, 1)":[-0.4908870699379119,0.03730174914064874],"(2, 1, 0, 1, 0)":[5.691034282803858,-0.10148063571652284],"(3, 0, 0, 1, 0)":[2.9639744259374656,0],"(2, 0, 0, 3, 1)":[-0.5529383056143422,2.4714318795194012],"(2, 0, 0, 3, 0)":[0.059323715265247934,-0.948620114051061],"(2, 2, 0, 0, 1)":[-0.07060811839284861,5.615840122185958],"(2, 0, 2, 0, 0)":[3.359596525772952,0],"(4, 0, 0, 0, 0)":[4.7033800323895605,0],"(0, 2, 1, 0, 1)":[-0.576,7.37625384353893],"(0, 0, 2, 1, 1)":[-0.7811964512949635,-0.13048278594996232],"(2, 1, 0, 2, 0)":[-0.03764464637053089,2.697135190904366],"(0, 1, 1, 1, 0)":[5.861052700479568,0],"(1, 0, 2, 1, 1)":[1.0620519493932372,0],"(2, 3, 0, 1, 0)":[0.3613945998708278,0],